id,title,slug,difficulty
1,Two Sum,two-sum,Easy
2,Add Two Numbers,add-two-numbers,Medium
3,Longest Substring Without Repeating Characters,longest-substring-without-repeating-characters,Medium
4,Median of Two Sorted Arrays,median-of-two-sorted-arrays,Hard
5,Longest Palindromic Substring,longest-palindromic-substring,Medium
6,Zigzag Conversion,zigzag-conversion,Medium
7,Reverse Integer,reverse-integer,Medium
8,String to Integer (atoi),string-to-integer-atoi,Medium
9,Palindrome Number,palindrome-number,Easy
10,Regular Expression Matching,regular-expression-matching,Hard
11,Container With Most Water,container-with-most-water,Medium
12,Integer to Roman,integer-to-roman,Medium
13,Roman to Integer,roman-to-integer,Easy
14,Longest Common Prefix,longest-common-prefix,Easy
15,3Sum,3sum,Medium
16,3Sum Closest,3sum-closest,Medium
17,Letter Combinations of a Phone Number,letter-combinations-of-a-phone-number,Medium
18,4Sum,4sum,Medium
19,Remove Nth Node From End of List,remove-nth-node-from-end-of-list,Medium
20,Valid Parentheses,valid-parentheses,Easy
21,Merge Two Sorted Lists,merge-two-sorted-lists,Easy
22,Generate Parentheses,generate-parentheses,Medium
23,Merge k Sorted Lists,merge-k-sorted-lists,Hard
24,Swap Nodes in Pairs,swap-nodes-in-pairs,Medium
25,Reverse Nodes in k-Group,reverse-nodes-in-k-group,Hard
26,Remove Duplicates from Sorted Array,remove-duplicates-from-sorted-array,Easy
27,Remove Element,remove-element,Easy
28,Find the Index of the First Occurrence in a String,find-the-index-of-the-first-occurrence-in-a-string,Easy
29,Divide Two Integers,divide-two-integers,Medium
30,Substring with Concatenation of All Words,substring-with-concatenation-of-all-words,Hard
31,Next Permutation,next-permutation,Medium
32,Longest Valid Parentheses,longest-valid-parentheses,Hard
33,Search in Rotated Sorted Array,search-in-rotated-sorted-array,Medium
34,Find First and Last Position of Element in Sorted Array,find-first-and-last-position-of-element-in-sorted-array,Medium
35,Search Insert Position,search-insert-position,Easy
36,Valid Sudoku,valid-sudoku,Medium
37,Sudoku Solver,sudoku-solver,Hard
38,Count and Say,count-and-say,Medium
39,Combination Sum,combination-sum,Medium
40,Combination Sum II,combination-sum-ii,Medium
41,First Missing Positive,first-missing-positive,Hard
42,Trapping Rain Water,trapping-rain-water,Hard
43,Multiply Strings,multiply-strings,Medium
44,Wildcard Matching,wildcard-matching,Hard
45,Jump Game II,jump-game-ii,Medium
46,Permutations,permutations,Medium
47,Permutations II,permutations-ii,Medium
48,Rotate Image,rotate-image,Medium
49,Group Anagrams,group-anagrams,Medium
50,"Pow(x, n)",powx-n,Medium
51,N-Queens,n-queens,Hard
52,N-Queens II,n-queens-ii,Hard
53,Maximum Subarray,maximum-subarray,Medium
54,Spiral Matrix,spiral-matrix,Medium
55,Jump Game,jump-game,Medium
56,Merge Intervals,merge-intervals,Medium
57,Insert Interval,insert-interval,Medium
58,Length of Last Word,length-of-last-word,Easy
59,Spiral Matrix II,spiral-matrix-ii,Medium
60,Permutation Sequence,permutation-sequence,Hard
61,Rotate List,rotate-list,Medium
62,Unique Paths,unique-paths,Medium
63,Unique Paths II,unique-paths-ii,Medium
64,Minimum Path Sum,minimum-path-sum,Medium
65,Valid Number,valid-number,Hard
66,Plus One,plus-one,Easy
67,Add Binary,add-binary,Easy
68,Text Justification,text-justification,Hard
69,Sqrt(x),sqrtx,Easy
70,Climbing Stairs,climbing-stairs,Easy
71,Simplify Path,simplify-path,Medium
72,Edit Distance,edit-distance,Medium
73,Set Matrix Zeroes,set-matrix-zeroes,Medium
74,Search a 2D Matrix,search-a-2d-matrix,Medium
75,Sort Colors,sort-colors,Medium
76,Minimum Window Substring,minimum-window-substring,Hard
77,Combinations,combinations,Medium
78,Subsets,subsets,Medium
79,Word Search,word-search,Medium
80,Remove Duplicates from Sorted Array II,remove-duplicates-from-sorted-array-ii,Medium
81,Search in Rotated Sorted Array II,search-in-rotated-sorted-array-ii,Medium
82,Remove Duplicates from Sorted List II,remove-duplicates-from-sorted-list-ii,Medium
83,Remove Duplicates from Sorted List,remove-duplicates-from-sorted-list,Easy
84,Largest Rectangle in Histogram,largest-rectangle-in-histogram,Hard
85,Maximal Rectangle,maximal-rectangle,Hard
86,Partition List,partition-list,Medium
87,Scramble String,scramble-string,Hard
88,Merge Sorted Array,merge-sorted-array,Easy
89,Gray Code,gray-code,Medium
90,Subsets II,subsets-ii,Medium
91,Decode Ways,decode-ways,Medium
92,Reverse Linked List II,reverse-linked-list-ii,Medium
93,Restore IP Addresses,restore-ip-addresses,Medium
94,Binary Tree Inorder Traversal,binary-tree-inorder-traversal,Easy
95,Unique Binary Search Trees II,unique-binary-search-trees-ii,Medium
96,Unique Binary Search Trees,unique-binary-search-trees,Medium
97,Interleaving String,interleaving-string,Medium
98,Validate Binary Search Tree,validate-binary-search-tree,Medium
99,Recover Binary Search Tree,recover-binary-search-tree,Medium
100,Same Tree,same-tree,Easy
101,Symmetric Tree,symmetric-tree,Easy
102,Binary Tree Level Order Traversal,binary-tree-level-order-traversal,Medium
103,Binary Tree Zigzag Level Order Traversal,binary-tree-zigzag-level-order-traversal,Medium
104,Maximum Depth of Binary Tree,maximum-depth-of-binary-tree,Easy
105,Construct Binary Tree from Preorder and Inorder Traversal,construct-binary-tree-from-preorder-and-inorder-traversal,Medium
106,Construct Binary Tree from Inorder and Postorder Traversal,construct-binary-tree-from-inorder-and-postorder-traversal,Medium
107,Binary Tree Level Order Traversal II,binary-tree-level-order-traversal-ii,Medium
108,Convert Sorted Array to Binary Search Tree,convert-sorted-array-to-binary-search-tree,Easy
109,Convert Sorted List to Binary Search Tree,convert-sorted-list-to-binary-search-tree,Medium
110,Balanced Binary Tree,balanced-binary-tree,Easy
111,Minimum Depth of Binary Tree,minimum-depth-of-binary-tree,Easy
112,Path Sum,path-sum,Easy
113,Path Sum II,path-sum-ii,Medium
114,Flatten Binary Tree to Linked List,flatten-binary-tree-to-linked-list,Medium
115,Distinct Subsequences,distinct-subsequences,Hard
116,Populating Next Right Pointers in Each Node,populating-next-right-pointers-in-each-node,Medium
117,Populating Next Right Pointers in Each Node II,populating-next-right-pointers-in-each-node-ii,Medium
118,Pascal's Triangle,pascals-triangle,Easy
119,Pascal's Triangle II,pascals-triangle-ii,Easy
120,Triangle,triangle,Medium
121,Best Time to Buy and Sell Stock,best-time-to-buy-and-sell-stock,Easy
122,Best Time to Buy and Sell Stock II,best-time-to-buy-and-sell-stock-ii,Medium
123,Best Time to Buy and Sell Stock III,best-time-to-buy-and-sell-stock-iii,Hard
124,Binary Tree Maximum Path Sum,binary-tree-maximum-path-sum,Hard
125,Valid Palindrome,valid-palindrome,Easy
126,Word Ladder II,word-ladder-ii,Hard
127,Word Ladder,word-ladder,Hard
128,Longest Consecutive Sequence,longest-consecutive-sequence,Medium
129,Sum Root to Leaf Numbers,sum-root-to-leaf-numbers,Medium
130,Surrounded Regions,surrounded-regions,Medium
131,Palindrome Partitioning,palindrome-partitioning,Medium
132,Palindrome Partitioning II,palindrome-partitioning-ii,Hard
133,Clone Graph,clone-graph,Medium
134,Gas Station,gas-station,Medium
135,Candy,candy,Hard
136,Single Number,single-number,Easy
137,Single Number II,single-number-ii,Medium
138,Copy List with Random Pointer,copy-list-with-random-pointer,Medium
139,Word Break,word-break,Medium
140,Word Break II,word-break-ii,Hard
141,Linked List Cycle,linked-list-cycle,Easy
142,Linked List Cycle II,linked-list-cycle-ii,Medium
143,Reorder List,reorder-list,Medium
144,Binary Tree Preorder Traversal,binary-tree-preorder-traversal,Easy
145,Binary Tree Postorder Traversal,binary-tree-postorder-traversal,Easy
146,LRU Cache,lru-cache,Medium
147,Insertion Sort List,insertion-sort-list,Medium
148,Sort List,sort-list,Medium
149,Max Points on a Line,max-points-on-a-line,Hard
150,Evaluate Reverse Polish Notation,evaluate-reverse-polish-notation,Medium
151,Reverse Words in a String,reverse-words-in-a-string,Medium
152,Maximum Product Subarray,maximum-product-subarray,Medium
153,Find Minimum in Rotated Sorted Array,find-minimum-in-rotated-sorted-array,Medium
154,Find Minimum in Rotated Sorted Array II,find-minimum-in-rotated-sorted-array-ii,Hard
155,Min Stack,min-stack,Medium
160,Intersection of Two Linked Lists,intersection-of-two-linked-lists,Easy
162,Find Peak Element,find-peak-element,Medium
164,Maximum Gap,maximum-gap,Medium
165,Compare Version Numbers,compare-version-numbers,Medium
166,Fraction to Recurring Decimal,fraction-to-recurring-decimal,Medium
167,Two Sum II - Input Array Is Sorted,two-sum-ii-input-array-is-sorted,Medium
168,Excel Sheet Column Title,excel-sheet-column-title,Easy
169,Majority Element,majority-element,Easy
171,Excel Sheet Column Number,excel-sheet-column-number,Easy
172,Factorial Trailing Zeroes,factorial-trailing-zeroes,Medium
173,Binary Search Tree Iterator,binary-search-tree-iterator,Medium
174,Dungeon Game,dungeon-game,Hard
179,Largest Number,largest-number,Medium
187,Repeated DNA Sequences,repeated-dna-sequences,Medium
188,Best Time to Buy and Sell Stock IV,best-time-to-buy-and-sell-stock-iv,Hard
189,Rotate Array,rotate-array,Medium
190,Reverse Bits,reverse-bits,Easy
191,Number of 1 Bits,number-of-1-bits,Easy
198,House Robber,house-robber,Medium
199,Binary Tree Right Side View,binary-tree-right-side-view,Medium
200,Number of Islands,number-of-islands,Medium
201,Bitwise AND of Numbers Range,bitwise-and-of-numbers-range,Medium
202,Happy Number,happy-number,Easy
203,Remove Linked List Elements,remove-linked-list-elements,Easy
204,Count Primes,count-primes,Medium
205,Isomorphic Strings,isomorphic-strings,Easy
206,Reverse Linked List,reverse-linked-list,Easy
207,Course Schedule,course-schedule,Medium
208,Implement Trie (Prefix Tree),implement-trie-prefix-tree,Medium
209,Minimum Size Subarray Sum,minimum-size-subarray-sum,Medium
210,Course Schedule II,course-schedule-ii,Medium
211,Design Add and Search Words Data Structure,design-add-and-search-words-data-structure,Medium
212,Word Search II,word-search-ii,Hard
213,House Robber II,house-robber-ii,Medium
214,Shortest Palindrome,shortest-palindrome,Hard
215,Kth Largest Element in an Array,kth-largest-element-in-an-array,Medium
216,Combination Sum III,combination-sum-iii,Medium
217,Contains Duplicate,contains-duplicate,Easy
218,The Skyline Problem,the-skyline-problem,Hard
219,Contains Duplicate II,contains-duplicate-ii,Easy
220,Contains Duplicate III,contains-duplicate-iii,Hard
221,Maximal Square,maximal-square,Medium
222,Count Complete Tree Nodes,count-complete-tree-nodes,Medium
223,Rectangle Area,rectangle-area,Medium
224,Basic Calculator,basic-calculator,Hard
225,Implement Stack using Queues,implement-stack-using-queues,Easy
226,Invert Binary Tree,invert-binary-tree,Easy
227,Basic Calculator II,basic-calculator-ii,Medium
228,Summary Ranges,summary-ranges,Easy
229,Majority Element II,majority-element-ii,Medium
230,Kth Smallest Element in a BST,kth-smallest-element-in-a-bst,Medium
231,Power of Two,power-of-two,Easy
232,Implement Queue using Stacks,implement-queue-using-stacks,Easy
233,Number of Digit One,number-of-digit-one,Hard
234,Palindrome Linked List,palindrome-linked-list,Easy
235,Lowest Common Ancestor of a Binary Search Tree,lowest-common-ancestor-of-a-binary-search-tree,Medium
236,Lowest Common Ancestor of a Binary Tree,lowest-common-ancestor-of-a-binary-tree,Medium
237,Delete Node in a Linked List,delete-node-in-a-linked-list,Medium
238,Product of Array Except Self,product-of-array-except-self,Medium
239,Sliding Window Maximum,sliding-window-maximum,Hard
240,Search a 2D Matrix II,search-a-2d-matrix-ii,Medium
241,Different Ways to Add Parentheses,different-ways-to-add-parentheses,Medium
242,Valid Anagram,valid-anagram,Easy
257,Binary Tree Paths,binary-tree-paths,Easy
258,Add Digits,add-digits,Easy
260,Single Number III,single-number-iii,Medium
263,Ugly Number,ugly-number,Easy
264,Ugly Number II,ugly-number-ii,Medium
268,Missing Number,missing-number,Easy
269,Alien Dictionary,alien-dictionary,Hard
273,Integer to English Words,integer-to-english-words,Hard
274,H-Index,h-index,Medium
275,H-Index II,h-index-ii,Medium
278,First Bad Version,first-bad-version,Easy
279,Perfect Squares,perfect-squares,Medium
282,Expression Add Operators,expression-add-operators,Hard
283,Move Zeroes,move-zeroes,Easy
284,Peeking Iterator,peeking-iterator,Medium
286,Walls and Gates,walls-and-gates,Medium
287,Find the Duplicate Number,find-the-duplicate-number,Medium
289,Game of Life,game-of-life,Medium
290,Word Pattern,word-pattern,Easy
292,Nim Game,nim-game,Easy
295,Find Median from Data Stream,find-median-from-data-stream,Hard
297,Serialize and Deserialize Binary Tree,serialize-and-deserialize-binary-tree,Hard
299,Bulls and Cows,bulls-and-cows,Medium
300,Longest Increasing Subsequence,longest-increasing-subsequence,Medium
301,Remove Invalid Parentheses,remove-invalid-parentheses,Hard
303,Range Sum Query - Immutable,range-sum-query-immutable,Easy
304,Range Sum Query 2D - Immutable,range-sum-query-2d-immutable,Medium
306,Additive Number,additive-number,Medium
307,Range Sum Query - Mutable,range-sum-query-mutable,Medium
309,Best Time to Buy and Sell Stock with Cooldown,best-time-to-buy-and-sell-stock-with-cooldown,Medium
310,Minimum Height Trees,minimum-height-trees,Medium
312,Burst Balloons,burst-balloons,Hard
313,Super Ugly Number,super-ugly-number,Medium
315,Count of Smaller Numbers After Self,count-of-smaller-numbers-after-self,Hard
316,Remove Duplicate Letters,remove-duplicate-letters,Medium
318,Maximum Product of Word Lengths,maximum-product-of-word-lengths,Medium
319,Bulb Switcher,bulb-switcher,Medium
321,Create Maximum Number,create-maximum-number,Hard
322,Coin Change,coin-change,Medium
324,Wiggle Sort II,wiggle-sort-ii,Medium
326,Power of Three,power-of-three,Easy
327,Count of Range Sum,count-of-range-sum,Hard
328,Odd Even Linked List,odd-even-linked-list,Medium
329,Longest Increasing Path in a Matrix,longest-increasing-path-in-a-matrix,Hard
330,Patching Array,patching-array,Hard
331,Verify Preorder Serialization of a Binary Tree,verify-preorder-serialization-of-a-binary-tree,Medium
332,Reconstruct Itinerary,reconstruct-itinerary,Hard
334,Increasing Triplet Subsequence,increasing-triplet-subsequence,Medium
335,Self Crossing,self-crossing,Hard
336,Palindrome Pairs,palindrome-pairs,Hard
337,House Robber III,house-robber-iii,Medium
338,Counting Bits,counting-bits,Easy
341,Flatten Nested List Iterator,flatten-nested-list-iterator,Medium
342,Power of Four,power-of-four,Easy
343,Integer Break,integer-break,Medium
344,Reverse String,reverse-string,Easy
345,Reverse Vowels of a String,reverse-vowels-of-a-string,Easy
347,Top K Frequent Elements,top-k-frequent-elements,Medium
349,Intersection of Two Arrays,intersection-of-two-arrays,Easy
350,Intersection of Two Arrays II,intersection-of-two-arrays-ii,Easy
352,Data Stream as Disjoint Intervals,data-stream-as-disjoint-intervals,Hard
354,Russian Doll Envelopes,russian-doll-envelopes,Hard
355,Design Twitter,design-twitter,Medium
357,Count Numbers with Unique Digits,count-numbers-with-unique-digits,Medium
363,Max Sum of Rectangle No Larger Than K,max-sum-of-rectangle-no-larger-than-k,Hard
365,Water and Jug Problem,water-and-jug-problem,Medium
367,Valid Perfect Square,valid-perfect-square,Easy
368,Largest Divisible Subset,largest-divisible-subset,Medium
371,Sum of Two Integers,sum-of-two-integers,Medium
372,Super Pow,super-pow,Medium
373,Find K Pairs with Smallest Sums,find-k-pairs-with-smallest-sums,Medium
374,Guess Number Higher or Lower,guess-number-higher-or-lower,Easy
375,Guess Number Higher or Lower II,guess-number-higher-or-lower-ii,Medium
376,Wiggle Subsequence,wiggle-subsequence,Medium
377,Combination Sum IV,combination-sum-iv,Medium
378,Kth Smallest Element in a Sorted Matrix,kth-smallest-element-in-a-sorted-matrix,Medium
380,Insert Delete GetRandom O(1),insert-delete-getrandom-o1,Medium
381,Insert Delete GetRandom O(1) - Duplicates allowed,insert-delete-getrandom-o1-duplicates-allowed,Hard
382,Linked List Random Node,linked-list-random-node,Medium
383,Ransom Note,ransom-note,Easy
384,Shuffle an Array,shuffle-an-array,Medium
385,Mini Parser,mini-parser,Medium
386,Lexicographical Numbers,lexicographical-numbers,Medium
387,First Unique Character in a String,first-unique-character-in-a-string,Easy
388,Longest Absolute File Path,longest-absolute-file-path,Medium
389,Find the Difference,find-the-difference,Easy
390,Elimination Game,elimination-game,Medium
391,Perfect Rectangle,perfect-rectangle,Hard
392,Is Subsequence,is-subsequence,Easy
393,UTF-8 Validation,utf-8-validation,Medium
394,Decode String,decode-string,Medium
395,Longest Substring with At Least K Repeating Characters,longest-substring-with-at-least-k-repeating-characters,Medium
396,Rotate Function,rotate-function,Medium
397,Integer Replacement,integer-replacement,Medium
398,Random Pick Index,random-pick-index,Medium
399,Evaluate Division,evaluate-division,Medium
400,Nth Digit,nth-digit,Medium
401,Binary Watch,binary-watch,Easy
402,Remove K Digits,remove-k-digits,Medium
403,Frog Jump,frog-jump,Hard
404,Sum of Left Leaves,sum-of-left-leaves,Easy
405,Convert a Number to Hexadecimal,convert-a-number-to-hexadecimal,Easy
406,Queue Reconstruction by Height,queue-reconstruction-by-height,Medium
407,Trapping Rain Water II,trapping-rain-water-ii,Hard
409,Longest Palindrome,longest-palindrome,Easy
410,Split Array Largest Sum,split-array-largest-sum,Hard
412,Fizz Buzz,fizz-buzz,Easy
413,Arithmetic Slices,arithmetic-slices,Medium
414,Third Maximum Number,third-maximum-number,Easy
415,Add Strings,add-strings,Easy
416,Partition Equal Subset Sum,partition-equal-subset-sum,Medium
417,Pacific Atlantic Water Flow,pacific-atlantic-water-flow,Medium
419,Battleships in a Board,battleships-in-a-board,Medium
420,Strong Password Checker,strong-password-checker,Hard
421,Maximum XOR of Two Numbers in an Array,maximum-xor-of-two-numbers-in-an-array,Medium
423,Reconstruct Original Digits from English,reconstruct-original-digits-from-english,Medium
424,Longest Repeating Character Replacement,longest-repeating-character-replacement,Medium
427,Construct Quad Tree,construct-quad-tree,Medium
429,N-ary Tree Level Order Traversal,n-ary-tree-level-order-traversal,Medium
430,Flatten a Multilevel Doubly Linked List,flatten-a-multilevel-doubly-linked-list,Medium
432,All O`one Data Structure,all-oone-data-structure,Hard
433,Minimum Genetic Mutation,minimum-genetic-mutation,Medium
434,Number of Segments in a String,number-of-segments-in-a-string,Easy
435,Non-overlapping Intervals,non-overlapping-intervals,Medium
436,Find Right Interval,find-right-interval,Medium
437,Path Sum III,path-sum-iii,Medium
438,Find All Anagrams in a String,find-all-anagrams-in-a-string,Medium
440,K-th Smallest in Lexicographical Order,k-th-smallest-in-lexicographical-order,Hard
441,Arranging Coins,arranging-coins,Easy
442,Find All Duplicates in an Array,find-all-duplicates-in-an-array,Medium
443,String Compression,string-compression,Medium
444,Sequence Reconstruction,sequence-reconstruction,Medium
445,Add Two Numbers II,add-two-numbers-ii,Medium
446,Arithmetic Slices II - Subsequence,arithmetic-slices-ii-subsequence,Hard
447,Number of Boomerangs,number-of-boomerangs,Medium
448,Find All Numbers Disappeared in an Array,find-all-numbers-disappeared-in-an-array,Easy
449,Serialize and Deserialize BST,serialize-and-deserialize-bst,Medium
450,Delete Node in a BST,delete-node-in-a-bst,Medium
451,Sort Characters By Frequency,sort-characters-by-frequency,Medium
452,Minimum Number of Arrows to Burst Balloons,minimum-number-of-arrows-to-burst-balloons,Medium
453,Minimum Moves to Equal Array Elements,minimum-moves-to-equal-array-elements,Medium
454,4Sum II,4sum-ii,Medium
455,Assign Cookies,assign-cookies,Easy
456,132 Pattern,132-pattern,Medium
457,Circular Array Loop,circular-array-loop,Medium
458,Poor Pigs,poor-pigs,Hard
459,Repeated Substring Pattern,repeated-substring-pattern,Easy
460,LFU Cache,lfu-cache,Hard
461,Hamming Distance,hamming-distance,Easy
462,Minimum Moves to Equal Array Elements II,minimum-moves-to-equal-array-elements-ii,Medium
463,Island Perimeter,island-perimeter,Easy
464,Can I Win,can-i-win,Medium
466,Count The Repetitions,count-the-repetitions,Hard
467,Unique Substrings in Wraparound String,unique-substrings-in-wraparound-string,Medium
468,Validate IP Address,validate-ip-address,Medium
470,Implement Rand10() Using Rand7(),implement-rand10-using-rand7,Medium
472,Concatenated Words,concatenated-words,Hard
473,Matchsticks to Square,matchsticks-to-square,Medium
474,Ones and Zeroes,ones-and-zeroes,Medium
475,Heaters,heaters,Medium
476,Number Complement,number-complement,Easy
477,Total Hamming Distance,total-hamming-distance,Medium
478,Generate Random Point in a Circle,generate-random-point-in-a-circle,Medium
479,Largest Palindrome Product,largest-palindrome-product,Hard
480,Sliding Window Median,sliding-window-median,Hard
481,Magical String,magical-string,Medium
482,License Key Formatting,license-key-formatting,Easy
483,Smallest Good Base,smallest-good-base,Hard
485,Max Consecutive Ones,max-consecutive-ones,Easy
486,Predict the Winner,predict-the-winner,Medium
488,Zuma Game,zuma-game,Hard
491,Non-decreasing Subsequences,non-decreasing-subsequences,Medium
492,Construct the Rectangle,construct-the-rectangle,Easy
493,Reverse Pairs,reverse-pairs,Hard
494,Target Sum,target-sum,Medium
495,Teemo Attacking,teemo-attacking,Easy
496,Next Greater Element I,next-greater-element-i,Easy
497,Random Point in Non-overlapping Rectangles,random-point-in-non-overlapping-rectangles,Medium
498,Diagonal Traverse,diagonal-traverse,Medium
500,Keyboard Row,keyboard-row,Easy
501,Find Mode in Binary Search Tree,find-mode-in-binary-search-tree,Easy
502,IPO,ipo,Hard
503,Next Greater Element II,next-greater-element-ii,Medium
504,Base 7,base-7,Easy
506,Relative Ranks,relative-ranks,Easy
507,Perfect Number,perfect-number,Easy
508,Most Frequent Subtree Sum,most-frequent-subtree-sum,Medium
509,Fibonacci Number,fibonacci-number,Easy
513,Find Bottom Left Tree Value,find-bottom-left-tree-value,Medium
514,Freedom Trail,freedom-trail,Hard
515,Find Largest Value in Each Tree Row,find-largest-value-in-each-tree-row,Medium
516,Longest Palindromic Subsequence,longest-palindromic-subsequence,Medium
517,Super Washing Machines,super-washing-machines,Hard
518,Coin Change II,coin-change-ii,Medium
519,Random Flip Matrix,random-flip-matrix,Medium
520,Detect Capital,detect-capital,Easy
521,Longest Uncommon Subsequence I,longest-uncommon-subsequence-i,Easy
522,Longest Uncommon Subsequence II,longest-uncommon-subsequence-ii,Medium
523,Continuous Subarray Sum,continuous-subarray-sum,Medium
524,Longest Word in Dictionary through Deleting,longest-word-in-dictionary-through-deleting,Medium
525,Contiguous Array,contiguous-array,Medium
526,Beautiful Arrangement,beautiful-arrangement,Medium
528,Random Pick with Weight,random-pick-with-weight,Medium
529,Minesweeper,minesweeper,Medium
530,Minimum Absolute Difference in BST,minimum-absolute-difference-in-bst,Easy
532,K-diff Pairs in an Array,k-diff-pairs-in-an-array,Medium
535,Encode and Decode TinyURL,encode-and-decode-tinyurl,Medium
537,Complex Number Multiplication,complex-number-multiplication,Medium
538,Convert BST to Greater Tree,convert-bst-to-greater-tree,Medium
539,Minimum Time Difference,minimum-time-difference,Medium
540,Single Element in a Sorted Array,single-element-in-a-sorted-array,Medium
541,Reverse String II,reverse-string-ii,Easy
542,01 Matrix,01-matrix,Medium
543,Diameter of Binary Tree,diameter-of-binary-tree,Easy
546,Remove Boxes,remove-boxes,Hard
547,Number of Provinces,number-of-provinces,Medium
551,Student Attendance Record I,student-attendance-record-i,Easy
552,Student Attendance Record II,student-attendance-record-ii,Hard
553,Optimal Division,optimal-division,Medium
554,Brick Wall,brick-wall,Medium
556,Next Greater Element III,next-greater-element-iii,Medium
557,Reverse Words in a String III,reverse-words-in-a-string-iii,Easy
558,Logical OR of Two Binary Grids Represented as Quad-Trees,logical-or-of-two-binary-grids-represented-as-quad-trees,Medium
559,Maximum Depth of N-ary Tree,maximum-depth-of-n-ary-tree,Easy
560,Subarray Sum Equals K,subarray-sum-equals-k,Medium
561,Array Partition,array-partition,Easy
563,Binary Tree Tilt,binary-tree-tilt,Easy
564,Find the Closest Palindrome,find-the-closest-palindrome,Hard
565,Array Nesting,array-nesting,Medium
566,Reshape the Matrix,reshape-the-matrix,Easy
567,Permutation in String,permutation-in-string,Medium
572,Subtree of Another Tree,subtree-of-another-tree,Easy
575,Distribute Candies,distribute-candies,Easy
576,Out of Boundary Paths,out-of-boundary-paths,Medium
581,Shortest Unsorted Continuous Subarray,shortest-unsorted-continuous-subarray,Medium
583,Delete Operation for Two Strings,delete-operation-for-two-strings,Medium
587,Erect the Fence,erect-the-fence,Hard
589,N-ary Tree Preorder Traversal,n-ary-tree-preorder-traversal,Easy
590,N-ary Tree Postorder Traversal,n-ary-tree-postorder-traversal,Easy
591,Tag Validator,tag-validator,Hard
592,Fraction Addition and Subtraction,fraction-addition-and-subtraction,Medium
593,Valid Square,valid-square,Medium
594,Longest Harmonious Subsequence,longest-harmonious-subsequence,Easy
598,Range Addition II,range-addition-ii,Easy
599,Minimum Index Sum of Two Lists,minimum-index-sum-of-two-lists,Easy
600,Non-negative Integers without Consecutive Ones,non-negative-integers-without-consecutive-ones,Hard
605,Can Place Flowers,can-place-flowers,Easy
606,Construct String from Binary Tree,construct-string-from-binary-tree,Medium
609,Find Duplicate File in System,find-duplicate-file-in-system,Medium
611,Valid Triangle Number,valid-triangle-number,Medium
617,Merge Two Binary Trees,merge-two-binary-trees,Easy
621,Task Scheduler,task-scheduler,Medium
622,Design Circular Queue,design-circular-queue,Medium
623,Add One Row to Tree,add-one-row-to-tree,Medium
624,Maximum Distance in Arrays,maximum-distance-in-arrays,Medium
628,Maximum Product of Three Numbers,maximum-product-of-three-numbers,Easy
629,K Inverse Pairs Array,k-inverse-pairs-array,Hard
630,Course Schedule III,course-schedule-iii,Hard
632,Smallest Range Covering Elements from K Lists,smallest-range-covering-elements-from-k-lists,Hard
633,Sum of Square Numbers,sum-of-square-numbers,Medium
636,Exclusive Time of Functions,exclusive-time-of-functions,Medium
637,Average of Levels in Binary Tree,average-of-levels-in-binary-tree,Easy
638,Shopping Offers,shopping-offers,Medium
639,Decode Ways II,decode-ways-ii,Hard
640,Solve the Equation,solve-the-equation,Medium
641,Design Circular Deque,design-circular-deque,Medium
643,Maximum Average Subarray I,maximum-average-subarray-i,Easy
645,Set Mismatch,set-mismatch,Easy
646,Maximum Length of Pair Chain,maximum-length-of-pair-chain,Medium
647,Palindromic Substrings,palindromic-substrings,Medium
648,Replace Words,replace-words,Medium
649,Dota2 Senate,dota2-senate,Medium
650,2 Keys Keyboard,2-keys-keyboard,Medium
652,Find Duplicate Subtrees,find-duplicate-subtrees,Medium
653,Two Sum IV - Input is a BST,two-sum-iv-input-is-a-bst,Easy
654,Maximum Binary Tree,maximum-binary-tree,Medium
655,Print Binary Tree,print-binary-tree,Medium
657,Robot Return to Origin,robot-return-to-origin,Easy
658,Find K Closest Elements,find-k-closest-elements,Medium
659,Split Array into Consecutive Subsequences,split-array-into-consecutive-subsequences,Medium
661,Image Smoother,image-smoother,Easy
662,Maximum Width of Binary Tree,maximum-width-of-binary-tree,Medium
664,Strange Printer,strange-printer,Hard
665,Non-decreasing Array,non-decreasing-array,Medium
667,Beautiful Arrangement II,beautiful-arrangement-ii,Medium
668,Kth Smallest Number in Multiplication Table,kth-smallest-number-in-multiplication-table,Hard
669,Trim a Binary Search Tree,trim-a-binary-search-tree,Medium
670,Maximum Swap,maximum-swap,Medium
671,Second Minimum Node In a Binary Tree,second-minimum-node-in-a-binary-tree,Easy
672,Bulb Switcher II,bulb-switcher-ii,Medium
673,Number of Longest Increasing Subsequence,number-of-longest-increasing-subsequence,Medium
674,Longest Continuous Increasing Subsequence,longest-continuous-increasing-subsequence,Easy
675,Cut Off Trees for Golf Event,cut-off-trees-for-golf-event,Hard
676,Implement Magic Dictionary,implement-magic-dictionary,Medium
677,Map Sum Pairs,map-sum-pairs,Medium
678,Valid Parenthesis String,valid-parenthesis-string,Medium
679,24 Game,24-game,Hard
680,Valid Palindrome II,valid-palindrome-ii,Easy
682,Baseball Game,baseball-game,Easy
684,Redundant Connection,redundant-connection,Medium
685,Redundant Connection II,redundant-connection-ii,Hard
686,Repeated String Match,repeated-string-match,Medium
687,Longest Univalue Path,longest-univalue-path,Medium
688,Knight Probability in Chessboard,knight-probability-in-chessboard,Medium
689,Maximum Sum of 3 Non-Overlapping Subarrays,maximum-sum-of-3-non-overlapping-subarrays,Hard
690,Employee Importance,employee-importance,Medium
691,Stickers to Spell Word,stickers-to-spell-word,Hard
692,Top K Frequent Words,top-k-frequent-words,Medium
693,Binary Number with Alternating Bits,binary-number-with-alternating-bits,Easy
695,Max Area of Island,max-area-of-island,Medium
696,Count Binary Substrings,count-binary-substrings,Easy
697,Degree of an Array,degree-of-an-array,Easy
698,Partition to K Equal Sum Subsets,partition-to-k-equal-sum-subsets,Medium
699,Falling Squares,falling-squares,Hard
700,Search in a Binary Search Tree,search-in-a-binary-search-tree,Easy
701,Insert into a Binary Search Tree,insert-into-a-binary-search-tree,Medium
703,Kth Largest Element in a Stream,kth-largest-element-in-a-stream,Easy
704,Binary Search,binary-search,Easy
705,Design HashSet,design-hashset,Easy
706,Design HashMap,design-hashmap,Easy
707,Design Linked List,design-linked-list,Medium
709,To Lower Case,to-lower-case,Easy
710,Random Pick with Blacklist,random-pick-with-blacklist,Hard
712,Minimum ASCII Delete Sum for Two Strings,minimum-ascii-delete-sum-for-two-strings,Medium
713,Subarray Product Less Than K,subarray-product-less-than-k,Medium
714,Best Time to Buy and Sell Stock with Transaction Fee,best-time-to-buy-and-sell-stock-with-transaction-fee,Medium
715,Range Module,range-module,Hard
717,1-bit and 2-bit Characters,1-bit-and-2-bit-characters,Easy
718,Maximum Length of Repeated Subarray,maximum-length-of-repeated-subarray,Medium
719,Find K-th Smallest Pair Distance,find-k-th-smallest-pair-distance,Hard
720,Longest Word in Dictionary,longest-word-in-dictionary,Medium
721,Accounts Merge,accounts-merge,Medium
722,Remove Comments,remove-comments,Medium
724,Find Pivot Index,find-pivot-index,Easy
725,Split Linked List in Parts,split-linked-list-in-parts,Medium
726,Number of Atoms,number-of-atoms,Hard
728,Self Dividing Numbers,self-dividing-numbers,Easy
729,My Calendar I,my-calendar-i,Medium
730,Count Different Palindromic Subsequences,count-different-palindromic-subsequences,Hard
731,My Calendar II,my-calendar-ii,Medium
732,My Calendar III,my-calendar-iii,Hard
733,Flood Fill,flood-fill,Easy
735,Asteroid Collision,asteroid-collision,Medium
736,Parse Lisp Expression,parse-lisp-expression,Hard
738,Monotone Increasing Digits,monotone-increasing-digits,Medium
739,Daily Temperatures,daily-temperatures,Medium
740,Delete and Earn,delete-and-earn,Medium
741,Cherry Pickup,cherry-pickup,Hard
743,Network Delay Time,network-delay-time,Medium
744,Find Smallest Letter Greater Than Target,find-smallest-letter-greater-than-target,Easy
745,Prefix and Suffix Search,prefix-and-suffix-search,Hard
746,Min Cost Climbing Stairs,min-cost-climbing-stairs,Easy
747,Largest Number At Least Twice of Others,largest-number-at-least-twice-of-others,Easy
748,Shortest Completing Word,shortest-completing-word,Easy
749,Contain Virus,contain-virus,Hard
752,Open the Lock,open-the-lock,Medium
753,Cracking the Safe,cracking-the-safe,Hard
754,Reach a Number,reach-a-number,Medium
756,Pyramid Transition Matrix,pyramid-transition-matrix,Medium
757,Set Intersection Size At Least Two,set-intersection-size-at-least-two,Hard
761,Special Binary String,special-binary-string,Hard
762,Prime Number of Set Bits in Binary Representation,prime-number-of-set-bits-in-binary-representation,Easy
763,Partition Labels,partition-labels,Medium
764,Largest Plus Sign,largest-plus-sign,Medium
765,Couples Holding Hands,couples-holding-hands,Hard
766,Toeplitz Matrix,toeplitz-matrix,Easy
767,Reorganize String,reorganize-string,Medium
768,Max Chunks To Make Sorted II,max-chunks-to-make-sorted-ii,Hard
769,Max Chunks To Make Sorted,max-chunks-to-make-sorted,Medium
770,Basic Calculator IV,basic-calculator-iv,Hard
771,Jewels and Stones,jewels-and-stones,Easy
773,Sliding Puzzle,sliding-puzzle,Hard
775,Global and Local Inversions,global-and-local-inversions,Medium
777,Swap Adjacent in LR String,swap-adjacent-in-lr-string,Medium
778,Swim in Rising Water,swim-in-rising-water,Hard
779,K-th Symbol in Grammar,k-th-symbol-in-grammar,Medium
780,Reaching Points,reaching-points,Hard
781,Rabbits in Forest,rabbits-in-forest,Medium
782,Transform to Chessboard,transform-to-chessboard,Hard
783,Minimum Distance Between BST Nodes,minimum-distance-between-bst-nodes,Easy
784,Letter Case Permutation,letter-case-permutation,Medium
785,Is Graph Bipartite?,is-graph-bipartite,Medium
786,K-th Smallest Prime Fraction,k-th-smallest-prime-fraction,Medium
787,Cheapest Flights Within K Stops,cheapest-flights-within-k-stops,Medium
788,Rotated Digits,rotated-digits,Medium
789,Escape The Ghosts,escape-the-ghosts,Medium
790,Domino and Tromino Tiling,domino-and-tromino-tiling,Medium
791,Custom Sort String,custom-sort-string,Medium
792,Number of Matching Subsequences,number-of-matching-subsequences,Medium
793,Preimage Size of Factorial Zeroes Function,preimage-size-of-factorial-zeroes-function,Hard
794,Valid Tic-Tac-Toe State,valid-tic-tac-toe-state,Medium
795,Number of Subarrays with Bounded Maximum,number-of-subarrays-with-bounded-maximum,Medium
796,Rotate String,rotate-string,Easy
797,All Paths From Source to Target,all-paths-from-source-to-target,Medium
798,Smallest Rotation with Highest Score,smallest-rotation-with-highest-score,Hard
799,Champagne Tower,champagne-tower,Medium
801,Minimum Swaps To Make Sequences Increasing,minimum-swaps-to-make-sequences-increasing,Hard
802,Find Eventual Safe States,find-eventual-safe-states,Medium
803,Bricks Falling When Hit,bricks-falling-when-hit,Hard
804,Unique Morse Code Words,unique-morse-code-words,Easy
805,Split Array With Same Average,split-array-with-same-average,Hard
806,Number of Lines To Write String,number-of-lines-to-write-string,Easy
807,Max Increase to Keep City Skyline,max-increase-to-keep-city-skyline,Medium
808,Soup Servings,soup-servings,Medium
809,Expressive Words,expressive-words,Medium
810,Chalkboard XOR Game,chalkboard-xor-game,Hard
811,Subdomain Visit Count,subdomain-visit-count,Medium
812,Largest Triangle Area,largest-triangle-area,Easy
813,Largest Sum of Averages,largest-sum-of-averages,Medium
814,Binary Tree Pruning,binary-tree-pruning,Medium
815,Bus Routes,bus-routes,Hard
816,Ambiguous Coordinates,ambiguous-coordinates,Medium
817,Linked List Components,linked-list-components,Medium
818,Race Car,race-car,Hard
819,Most Common Word,most-common-word,Easy
820,Short Encoding of Words,short-encoding-of-words,Medium
821,Shortest Distance to a Character,shortest-distance-to-a-character,Easy
822,Card Flipping Game,card-flipping-game,Medium
823,Binary Trees With Factors,binary-trees-with-factors,Medium
824,Goat Latin,goat-latin,Easy
825,Friends Of Appropriate Ages,friends-of-appropriate-ages,Medium
826,Most Profit Assigning Work,most-profit-assigning-work,Medium
827,Making A Large Island,making-a-large-island,Hard
828,Count Unique Characters of All Substrings of a Given String,count-unique-characters-of-all-substrings-of-a-given-string,Hard
829,Consecutive Numbers Sum,consecutive-numbers-sum,Hard
830,Positions of Large Groups,positions-of-large-groups,Easy
831,Masking Personal Information,masking-personal-information,Medium
832,Flipping an Image,flipping-an-image,Easy
833,Find And Replace in String,find-and-replace-in-string,Medium
834,Sum of Distances in Tree,sum-of-distances-in-tree,Hard
835,Image Overlap,image-overlap,Medium
836,Rectangle Overlap,rectangle-overlap,Easy
837,New 21 Game,new-21-game,Medium
838,Push Dominoes,push-dominoes,Medium
839,Similar String Groups,similar-string-groups,Hard
840,Magic Squares In Grid,magic-squares-in-grid,Medium
841,Keys and Rooms,keys-and-rooms,Medium
842,Split Array into Fibonacci Sequence,split-array-into-fibonacci-sequence,Medium
843,Guess the Word,guess-the-word,Hard
844,Backspace String Compare,backspace-string-compare,Easy
845,Longest Mountain in Array,longest-mountain-in-array,Medium
846,Hand of Straights,hand-of-straights,Medium
847,Shortest Path Visiting All Nodes,shortest-path-visiting-all-nodes,Hard
848,Shifting Letters,shifting-letters,Medium
849,Maximize Distance to Closest Person,maximize-distance-to-closest-person,Medium
850,Rectangle Area II,rectangle-area-ii,Hard
851,Loud and Rich,loud-and-rich,Medium
852,Peak Index in a Mountain Array,peak-index-in-a-mountain-array,Medium
853,Car Fleet,car-fleet,Medium
854,K-Similar Strings,k-similar-strings,Hard
855,Exam Room,exam-room,Medium
856,Score of Parentheses,score-of-parentheses,Medium
857,Minimum Cost to Hire K Workers,minimum-cost-to-hire-k-workers,Hard
858,Mirror Reflection,mirror-reflection,Medium
859,Buddy Strings,buddy-strings,Easy
860,Lemonade Change,lemonade-change,Easy
861,Score After Flipping Matrix,score-after-flipping-matrix,Medium
862,Shortest Subarray with Sum at Least K,shortest-subarray-with-sum-at-least-k,Hard
863,All Nodes Distance K in Binary Tree,all-nodes-distance-k-in-binary-tree,Medium
864,Shortest Path to Get All Keys,shortest-path-to-get-all-keys,Hard
865,Smallest Subtree with all the Deepest Nodes,smallest-subtree-with-all-the-deepest-nodes,Medium
866,Prime Palindrome,prime-palindrome,Medium
867,Transpose Matrix,transpose-matrix,Easy
868,Binary Gap,binary-gap,Easy
869,Reordered Power of 2,reordered-power-of-2,Medium
870,Advantage Shuffle,advantage-shuffle,Medium
871,Minimum Number of Refueling Stops,minimum-number-of-refueling-stops,Hard
872,Leaf-Similar Trees,leaf-similar-trees,Easy
873,Length of Longest Fibonacci Subsequence,length-of-longest-fibonacci-subsequence,Medium
874,Walking Robot Simulation,walking-robot-simulation,Medium
875,Koko Eating Bananas,koko-eating-bananas,Medium
876,Middle of the Linked List,middle-of-the-linked-list,Easy
877,Stone Game,stone-game,Medium
878,Nth Magical Number,nth-magical-number,Hard
879,Profitable Schemes,profitable-schemes,Hard
880,Decoded String at Index,decoded-string-at-index,Medium
881,Boats to Save People,boats-to-save-people,Medium
882,Reachable Nodes In Subdivided Graph,reachable-nodes-in-subdivided-graph,Hard
883,Projection Area of 3D Shapes,projection-area-of-3d-shapes,Easy
884,Uncommon Words from Two Sentences,uncommon-words-from-two-sentences,Easy
885,Spiral Matrix III,spiral-matrix-iii,Medium
886,Possible Bipartition,possible-bipartition,Medium
887,Super Egg Drop,super-egg-drop,Hard
888,Fair Candy Swap,fair-candy-swap,Easy
889,Construct Binary Tree from Preorder and Postorder Traversal,construct-binary-tree-from-preorder-and-postorder-traversal,Medium
890,Find and Replace Pattern,find-and-replace-pattern,Medium
891,Sum of Subsequence Widths,sum-of-subsequence-widths,Hard
892,Surface Area of 3D Shapes,surface-area-of-3d-shapes,Easy
893,Groups of Special-Equivalent Strings,groups-of-special-equivalent-strings,Medium
894,All Possible Full Binary Trees,all-possible-full-binary-trees,Medium
895,Maximum Frequency Stack,maximum-frequency-stack,Hard
896,Monotonic Array,monotonic-array,Easy
897,Increasing Order Search Tree,increasing-order-search-tree,Easy
898,Bitwise ORs of Subarrays,bitwise-ors-of-subarrays,Medium
899,Orderly Queue,orderly-queue,Hard
900,RLE Iterator,rle-iterator,Medium
901,Online Stock Span,online-stock-span,Medium
902,Numbers At Most N Given Digit Set,numbers-at-most-n-given-digit-set,Hard
903,Valid Permutations for DI Sequence,valid-permutations-for-di-sequence,Hard
904,Fruit Into Baskets,fruit-into-baskets,Medium
905,Sort Array By Parity,sort-array-by-parity,Easy
906,Super Palindromes,super-palindromes,Hard
907,Sum of Subarray Minimums,sum-of-subarray-minimums,Medium
908,Smallest Range I,smallest-range-i,Easy
909,Snakes and Ladders,snakes-and-ladders,Medium
910,Smallest Range II,smallest-range-ii,Medium
911,Online Election,online-election,Medium
912,Sort an Array,sort-an-array,Medium
913,Cat and Mouse,cat-and-mouse,Hard
914,X of a Kind in a Deck of Cards,x-of-a-kind-in-a-deck-of-cards,Easy
915,Partition Array into Disjoint Intervals,partition-array-into-disjoint-intervals,Medium
916,Word Subsets,word-subsets,Medium
917,Reverse Only Letters,reverse-only-letters,Easy
918,Maximum Sum Circular Subarray,maximum-sum-circular-subarray,Medium
919,Complete Binary Tree Inserter,complete-binary-tree-inserter,Medium
920,Number of Music Playlists,number-of-music-playlists,Hard
921,Minimum Add to Make Parentheses Valid,minimum-add-to-make-parentheses-valid,Medium
922,Sort Array By Parity II,sort-array-by-parity-ii,Easy
923,3Sum With Multiplicity,3sum-with-multiplicity,Medium
924,Minimize Malware Spread,minimize-malware-spread,Hard
925,Long Pressed Name,long-pressed-name,Easy
926,Flip String to Monotone Increasing,flip-string-to-monotone-increasing,Medium
927,Three Equal Parts,three-equal-parts,Hard
928,Minimize Malware Spread II,minimize-malware-spread-ii,Hard
929,Unique Email Addresses,unique-email-addresses,Easy
930,Binary Subarrays With Sum,binary-subarrays-with-sum,Medium
931,Minimum Falling Path Sum,minimum-falling-path-sum,Medium
932,Beautiful Array,beautiful-array,Medium
933,Number of Recent Calls,number-of-recent-calls,Easy
934,Shortest Bridge,shortest-bridge,Medium
935,Knight Dialer,knight-dialer,Medium
936,Stamping The Sequence,stamping-the-sequence,Hard
937,Reorder Data in Log Files,reorder-data-in-log-files,Medium
938,Range Sum of BST,range-sum-of-bst,Easy
939,Minimum Area Rectangle,minimum-area-rectangle,Medium
940,Distinct Subsequences II,distinct-subsequences-ii,Hard
941,Valid Mountain Array,valid-mountain-array,Easy
942,DI String Match,di-string-match,Easy
943,Find the Shortest Superstring,find-the-shortest-superstring,Hard
944,Delete Columns to Make Sorted,delete-columns-to-make-sorted,Easy
945,Minimum Increment to Make Array Unique,minimum-increment-to-make-array-unique,Medium
946,Validate Stack Sequences,validate-stack-sequences,Medium
947,Most Stones Removed with Same Row or Column,most-stones-removed-with-same-row-or-column,Medium
948,Bag of Tokens,bag-of-tokens,Medium
949,Largest Time for Given Digits,largest-time-for-given-digits,Medium
950,Reveal Cards In Increasing Order,reveal-cards-in-increasing-order,Medium
951,Flip Equivalent Binary Trees,flip-equivalent-binary-trees,Medium
952,Largest Component Size by Common Factor,largest-component-size-by-common-factor,Hard
953,Verifying an Alien Dictionary,verifying-an-alien-dictionary,Easy
954,Array of Doubled Pairs,array-of-doubled-pairs,Medium
955,Delete Columns to Make Sorted II,delete-columns-to-make-sorted-ii,Medium
956,Tallest Billboard,tallest-billboard,Hard
957,Prison Cells After N Days,prison-cells-after-n-days,Medium
958,Check Completeness of a Binary Tree,check-completeness-of-a-binary-tree,Medium
959,Regions Cut By Slashes,regions-cut-by-slashes,Medium
960,Delete Columns to Make Sorted III,delete-columns-to-make-sorted-iii,Hard
961,N-Repeated Element in Size 2N Array,n-repeated-element-in-size-2n-array,Easy
962,Maximum Width Ramp,maximum-width-ramp,Medium
963,Minimum Area Rectangle II,minimum-area-rectangle-ii,Medium
964,Least Operators to Express Number,least-operators-to-express-number,Hard
965,Univalued Binary Tree,univalued-binary-tree,Easy
966,Vowel Spellchecker,vowel-spellchecker,Medium
967,Numbers With Same Consecutive Differences,numbers-with-same-consecutive-differences,Medium
968,Binary Tree Cameras,binary-tree-cameras,Hard
969,Pancake Sorting,pancake-sorting,Medium
970,Powerful Integers,powerful-integers,Medium
971,Flip Binary Tree To Match Preorder Traversal,flip-binary-tree-to-match-preorder-traversal,Medium
972,Equal Rational Numbers,equal-rational-numbers,Hard
973,K Closest Points to Origin,k-closest-points-to-origin,Medium
974,Subarray Sums Divisible by K,subarray-sums-divisible-by-k,Medium
975,Odd Even Jump,odd-even-jump,Hard
976,Largest Perimeter Triangle,largest-perimeter-triangle,Easy
977,Squares of a Sorted Array,squares-of-a-sorted-array,Easy
978,Longest Turbulent Subarray,longest-turbulent-subarray,Medium
979,Distribute Coins in Binary Tree,distribute-coins-in-binary-tree,Medium
980,Unique Paths III,unique-paths-iii,Hard
981,Time Based Key-Value Store,time-based-key-value-store,Medium
982,Triples with Bitwise AND Equal To Zero,triples-with-bitwise-and-equal-to-zero,Hard
983,Minimum Cost For Tickets,minimum-cost-for-tickets,Medium
984,String Without AAA or BBB,string-without-aaa-or-bbb,Medium
985,Sum of Even Numbers After Queries,sum-of-even-numbers-after-queries,Medium
986,Interval List Intersections,interval-list-intersections,Medium
987,Vertical Order Traversal of a Binary Tree,vertical-order-traversal-of-a-binary-tree,Hard
988,Smallest String Starting From Leaf,smallest-string-starting-from-leaf,Medium
989,Add to Array-Form of Integer,add-to-array-form-of-integer,Easy
990,Satisfiability of Equality Equations,satisfiability-of-equality-equations,Medium
991,Broken Calculator,broken-calculator,Medium
992,Subarrays with K Different Integers,subarrays-with-k-different-integers,Hard
993,Cousins in Binary Tree,cousins-in-binary-tree,Easy
994,Rotting Oranges,rotting-oranges,Medium
995,Minimum Number of K Consecutive Bit Flips,minimum-number-of-k-consecutive-bit-flips,Hard
996,Number of Squareful Arrays,number-of-squareful-arrays,Hard
997,Find the Town Judge,find-the-town-judge,Easy
998,Maximum Binary Tree II,maximum-binary-tree-ii,Medium
999,Available Captures for Rook,available-captures-for-rook,Easy
1000,Minimum Cost to Merge Stones,minimum-cost-to-merge-stones,Hard
1001,Grid Illumination,grid-illumination,Hard
1002,Find Common Characters,find-common-characters,Easy
1003,Check If Word Is Valid After Substitutions,check-if-word-is-valid-after-substitutions,Medium
1004,Max Consecutive Ones III,max-consecutive-ones-iii,Medium
1005,Maximize Sum Of Array After K Negations,maximize-sum-of-array-after-k-negations,Easy
1006,Clumsy Factorial,clumsy-factorial,Medium
1007,Minimum Domino Rotations For Equal Row,minimum-domino-rotations-for-equal-row,Medium
1008,Construct Binary Search Tree from Preorder Traversal,construct-binary-search-tree-from-preorder-traversal,Medium
1009,Complement of Base 10 Integer,complement-of-base-10-integer,Easy
1010,Pairs of Songs With Total Durations Divisible by 60,pairs-of-songs-with-total-durations-divisible-by-60,Medium
1011,Capacity To Ship Packages Within D Days,capacity-to-ship-packages-within-d-days,Medium
1012,Numbers With Repeated Digits,numbers-with-repeated-digits,Hard
1013,Partition Array Into Three Parts With Equal Sum,partition-array-into-three-parts-with-equal-sum,Easy
1014,Best Sightseeing Pair,best-sightseeing-pair,Medium
1015,Smallest Integer Divisible by K,smallest-integer-divisible-by-k,Medium
1016,Binary String With Substrings Representing 1 To N,binary-string-with-substrings-representing-1-to-n,Medium
1017,Convert to Base -2,convert-to-base-2,Medium
1018,Binary Prefix Divisible By 5,binary-prefix-divisible-by-5,Easy
1019,Next Greater Node In Linked List,next-greater-node-in-linked-list,Medium
1020,Number of Enclaves,number-of-enclaves,Medium
1021,Remove Outermost Parentheses,remove-outermost-parentheses,Easy
1022,Sum of Root To Leaf Binary Numbers,sum-of-root-to-leaf-binary-numbers,Easy
1023,Camelcase Matching,camelcase-matching,Medium
1024,Video Stitching,video-stitching,Medium
1025,Divisor Game,divisor-game,Easy
1026,Maximum Difference Between Node and Ancestor,maximum-difference-between-node-and-ancestor,Medium
1027,Longest Arithmetic Subsequence,longest-arithmetic-subsequence,Medium
1028,Recover a Tree From Preorder Traversal,recover-a-tree-from-preorder-traversal,Hard
1029,Two City Scheduling,two-city-scheduling,Medium
1030,Matrix Cells in Distance Order,matrix-cells-in-distance-order,Easy
1031,Maximum Sum of Two Non-Overlapping Subarrays,maximum-sum-of-two-non-overlapping-subarrays,Medium
1032,Stream of Characters,stream-of-characters,Hard
1033,Moving Stones Until Consecutive,moving-stones-until-consecutive,Medium
1034,Coloring A Border,coloring-a-border,Medium
1035,Uncrossed Lines,uncrossed-lines,Medium
1036,Escape a Large Maze,escape-a-large-maze,Hard
1037,Valid Boomerang,valid-boomerang,Easy
1038,Binary Search Tree to Greater Sum Tree,binary-search-tree-to-greater-sum-tree,Medium
1039,Minimum Score Triangulation of Polygon,minimum-score-triangulation-of-polygon,Medium
1040,Moving Stones Until Consecutive II,moving-stones-until-consecutive-ii,Medium
1041,Robot Bounded In Circle,robot-bounded-in-circle,Medium
1042,Flower Planting With No Adjacent,flower-planting-with-no-adjacent,Medium
1043,Partition Array for Maximum Sum,partition-array-for-maximum-sum,Medium
1044,Longest Duplicate Substring,longest-duplicate-substring,Hard
1046,Last Stone Weight,last-stone-weight,Easy
1047,Remove All Adjacent Duplicates In String,remove-all-adjacent-duplicates-in-string,Easy
1048,Longest String Chain,longest-string-chain,Medium
1049,Last Stone Weight II,last-stone-weight-ii,Medium
1051,Height Checker,height-checker,Easy
1052,Grumpy Bookstore Owner,grumpy-bookstore-owner,Medium
1053,Previous Permutation With One Swap,previous-permutation-with-one-swap,Medium
1054,Distant Barcodes,distant-barcodes,Medium
1061,Lexicographically Smallest Equivalent String,lexicographically-smallest-equivalent-string,Medium
1071,Greatest Common Divisor of Strings,greatest-common-divisor-of-strings,Easy
1072,Flip Columns For Maximum Number of Equal Rows,flip-columns-for-maximum-number-of-equal-rows,Medium
1073,Adding Two Negabinary Numbers,adding-two-negabinary-numbers,Medium
1074,Number of Submatrices That Sum to Target,number-of-submatrices-that-sum-to-target,Hard
1078,Occurrences After Bigram,occurrences-after-bigram,Easy
1079,Letter Tile Possibilities,letter-tile-possibilities,Medium
1080,Insufficient Nodes in Root to Leaf Paths,insufficient-nodes-in-root-to-leaf-paths,Medium
1081,Smallest Subsequence of Distinct Characters,smallest-subsequence-of-distinct-characters,Medium
1089,Duplicate Zeros,duplicate-zeros,Easy
1090,Largest Values From Labels,largest-values-from-labels,Medium
1091,Shortest Path in Binary Matrix,shortest-path-in-binary-matrix,Medium
1092,Shortest Common Supersequence ,shortest-common-supersequence,Hard
1093,Statistics from a Large Sample,statistics-from-a-large-sample,Medium
1094,Car Pooling,car-pooling,Medium
1095,Find in Mountain Array,find-in-mountain-array,Hard
1096,Brace Expansion II,brace-expansion-ii,Hard
1103,Distribute Candies to People,distribute-candies-to-people,Easy
1104,Path In Zigzag Labelled Binary Tree,path-in-zigzag-labelled-binary-tree,Medium
1105,Filling Bookcase Shelves,filling-bookcase-shelves,Medium
1106,Parsing A Boolean Expression,parsing-a-boolean-expression,Hard
1108,Defanging an IP Address,defanging-an-ip-address,Easy
1109,Corporate Flight Bookings,corporate-flight-bookings,Medium
1110,Delete Nodes And Return Forest,delete-nodes-and-return-forest,Medium
1111,Maximum Nesting Depth of Two Valid Parentheses Strings,maximum-nesting-depth-of-two-valid-parentheses-strings,Medium
1122,Relative Sort Array,relative-sort-array,Easy
1123,Lowest Common Ancestor of Deepest Leaves,lowest-common-ancestor-of-deepest-leaves,Medium
1124,Longest Well-Performing Interval,longest-well-performing-interval,Medium
1125,Smallest Sufficient Team,smallest-sufficient-team,Hard
1128,Number of Equivalent Domino Pairs,number-of-equivalent-domino-pairs,Easy
1129,Shortest Path with Alternating Colors,shortest-path-with-alternating-colors,Medium
1130,Minimum Cost Tree From Leaf Values,minimum-cost-tree-from-leaf-values,Medium
1131,Maximum of Absolute Value Expression,maximum-of-absolute-value-expression,Medium
1137,N-th Tribonacci Number,n-th-tribonacci-number,Easy
1138,Alphabet Board Path,alphabet-board-path,Medium
1139,Largest 1-Bordered Square,largest-1-bordered-square,Medium
1140,Stone Game II,stone-game-ii,Medium
1143,Longest Common Subsequence,longest-common-subsequence,Medium
1144,Decrease Elements To Make Array Zigzag,decrease-elements-to-make-array-zigzag,Medium
1145,Binary Tree Coloring Game,binary-tree-coloring-game,Medium
1146,Snapshot Array,snapshot-array,Medium
1147,Longest Chunked Palindrome Decomposition,longest-chunked-palindrome-decomposition,Hard
1154,Day of the Year,day-of-the-year,Easy
1155,Number of Dice Rolls With Target Sum,number-of-dice-rolls-with-target-sum,Medium
1156,Swap For Longest Repeated Character Substring,swap-for-longest-repeated-character-substring,Medium
1157,Online Majority Element In Subarray,online-majority-element-in-subarray,Hard
1160,Find Words That Can Be Formed by Characters,find-words-that-can-be-formed-by-characters,Easy
1161,Maximum Level Sum of a Binary Tree,maximum-level-sum-of-a-binary-tree,Medium
1162,As Far from Land as Possible,as-far-from-land-as-possible,Medium
1163,Last Substring in Lexicographical Order,last-substring-in-lexicographical-order,Hard
1169,Invalid Transactions,invalid-transactions,Medium
1170,Compare Strings by Frequency of the Smallest Character,compare-strings-by-frequency-of-the-smallest-character,Medium
1171,Remove Zero Sum Consecutive Nodes from Linked List,remove-zero-sum-consecutive-nodes-from-linked-list,Medium
1172,Dinner Plate Stacks,dinner-plate-stacks,Hard
1175,Prime Arrangements,prime-arrangements,Easy
1177,Can Make Palindrome from Substring,can-make-palindrome-from-substring,Medium
1178,Number of Valid Words for Each Puzzle,number-of-valid-words-for-each-puzzle,Hard
1184,Distance Between Bus Stops,distance-between-bus-stops,Easy
1185,Day of the Week,day-of-the-week,Easy
1186,Maximum Subarray Sum with One Deletion,maximum-subarray-sum-with-one-deletion,Medium
1187,Make Array Strictly Increasing,make-array-strictly-increasing,Hard
1189,Maximum Number of Balloons,maximum-number-of-balloons,Easy
1190,Reverse Substrings Between Each Pair of Parentheses,reverse-substrings-between-each-pair-of-parentheses,Medium
1191,K-Concatenation Maximum Sum,k-concatenation-maximum-sum,Medium
1192,Critical Connections in a Network,critical-connections-in-a-network,Hard
1200,Minimum Absolute Difference,minimum-absolute-difference,Easy
1201,Ugly Number III,ugly-number-iii,Medium
1202,Smallest String With Swaps,smallest-string-with-swaps,Medium
1203,Sort Items by Groups Respecting Dependencies,sort-items-by-groups-respecting-dependencies,Hard
1206,Design Skiplist,design-skiplist,Hard
1207,Unique Number of Occurrences,unique-number-of-occurrences,Easy
1208,Get Equal Substrings Within Budget,get-equal-substrings-within-budget,Medium
1209,Remove All Adjacent Duplicates in String II,remove-all-adjacent-duplicates-in-string-ii,Medium
1210,Minimum Moves to Reach Target with Rotations,minimum-moves-to-reach-target-with-rotations,Hard
1217,Minimum Cost to Move Chips to The Same Position,minimum-cost-to-move-chips-to-the-same-position,Easy
1218,Longest Arithmetic Subsequence of Given Difference,longest-arithmetic-subsequence-of-given-difference,Medium
1219,Path with Maximum Gold,path-with-maximum-gold,Medium
1220,Count Vowels Permutation,count-vowels-permutation,Hard
1221,Split a String in Balanced Strings,split-a-string-in-balanced-strings,Easy
1222,Queens That Can Attack the King,queens-that-can-attack-the-king,Medium
1223,Dice Roll Simulation,dice-roll-simulation,Hard
1224,Maximum Equal Frequency,maximum-equal-frequency,Hard
1227,Airplane Seat Assignment Probability,airplane-seat-assignment-probability,Medium
1229,Meeting Scheduler,meeting-scheduler,Medium
1232,Check If It Is a Straight Line,check-if-it-is-a-straight-line,Easy
1233,Remove Sub-Folders from the Filesystem,remove-sub-folders-from-the-filesystem,Medium
1234,Replace the Substring for Balanced String,replace-the-substring-for-balanced-string,Medium
1235,Maximum Profit in Job Scheduling,maximum-profit-in-job-scheduling,Hard
1237,Find Positive Integer Solution for a Given Equation,find-positive-integer-solution-for-a-given-equation,Medium
1238,Circular Permutation in Binary Representation,circular-permutation-in-binary-representation,Medium
1239,Maximum Length of a Concatenated String with Unique Characters,maximum-length-of-a-concatenated-string-with-unique-characters,Medium
1240,Tiling a Rectangle with the Fewest Squares,tiling-a-rectangle-with-the-fewest-squares,Hard
1245,Tree Diameter,tree-diameter,Medium
1247,Minimum Swaps to Make Strings Equal,minimum-swaps-to-make-strings-equal,Medium
1248,Count Number of Nice Subarrays,count-number-of-nice-subarrays,Medium
1249,Minimum Remove to Make Valid Parentheses,minimum-remove-to-make-valid-parentheses,Medium
1250,Check If It Is a Good Array,check-if-it-is-a-good-array,Hard
1252,Cells with Odd Values in a Matrix,cells-with-odd-values-in-a-matrix,Easy
1253,Reconstruct a 2-Row Binary Matrix,reconstruct-a-2-row-binary-matrix,Medium
1254,Number of Closed Islands,number-of-closed-islands,Medium
1255,Maximum Score Words Formed by Letters,maximum-score-words-formed-by-letters,Hard
1260,Shift 2D Grid,shift-2d-grid,Easy
1261,Find Elements in a Contaminated Binary Tree,find-elements-in-a-contaminated-binary-tree,Medium
1262,Greatest Sum Divisible by Three,greatest-sum-divisible-by-three,Medium
1263,Minimum Moves to Move a Box to Their Target Location,minimum-moves-to-move-a-box-to-their-target-location,Hard
1266,Minimum Time Visiting All Points,minimum-time-visiting-all-points,Easy
1267,Count Servers that Communicate,count-servers-that-communicate,Medium
1268,Search Suggestions System,search-suggestions-system,Medium
1269,Number of Ways to Stay in the Same Place After Some Steps,number-of-ways-to-stay-in-the-same-place-after-some-steps,Hard
1275,Find Winner on a Tic Tac Toe Game,find-winner-on-a-tic-tac-toe-game,Easy
1276,Number of Burgers with No Waste of Ingredients,number-of-burgers-with-no-waste-of-ingredients,Medium
1277,Count Square Submatrices with All Ones,count-square-submatrices-with-all-ones,Medium
1278,Palindrome Partitioning III,palindrome-partitioning-iii,Hard
1281,Subtract the Product and Sum of Digits of an Integer,subtract-the-product-and-sum-of-digits-of-an-integer,Easy
1282,Group the People Given the Group Size They Belong To,group-the-people-given-the-group-size-they-belong-to,Medium
1283,Find the Smallest Divisor Given a Threshold,find-the-smallest-divisor-given-a-threshold,Medium
1284,Minimum Number of Flips to Convert Binary Matrix to Zero Matrix,minimum-number-of-flips-to-convert-binary-matrix-to-zero-matrix,Hard
1286,Iterator for Combination,iterator-for-combination,Medium
1287,Element Appearing More Than 25% In Sorted Array,element-appearing-more-than-25-in-sorted-array,Easy
1288,Remove Covered Intervals,remove-covered-intervals,Medium
1289,Minimum Falling Path Sum II,minimum-falling-path-sum-ii,Hard
1290,Convert Binary Number in a Linked List to Integer,convert-binary-number-in-a-linked-list-to-integer,Easy
1291,Sequential Digits,sequential-digits,Medium
1292,Maximum Side Length of a Square with Sum Less than or Equal to Threshold,maximum-side-length-of-a-square-with-sum-less-than-or-equal-to-threshold,Medium
1293,Shortest Path in a Grid with Obstacles Elimination,shortest-path-in-a-grid-with-obstacles-elimination,Hard
1295,Find Numbers with Even Number of Digits,find-numbers-with-even-number-of-digits,Easy
1296,Divide Array in Sets of K Consecutive Numbers,divide-array-in-sets-of-k-consecutive-numbers,Medium
1297,Maximum Number of Occurrences of a Substring,maximum-number-of-occurrences-of-a-substring,Medium
1298,Maximum Candies You Can Get from Boxes,maximum-candies-you-can-get-from-boxes,Hard
1299,Replace Elements with Greatest Element on Right Side,replace-elements-with-greatest-element-on-right-side,Easy
1300,Sum of Mutated Array Closest to Target,sum-of-mutated-array-closest-to-target,Medium
1301,Number of Paths with Max Score,number-of-paths-with-max-score,Hard
1302,Deepest Leaves Sum,deepest-leaves-sum,Medium
1304,Find N Unique Integers Sum up to Zero,find-n-unique-integers-sum-up-to-zero,Easy
1305,All Elements in Two Binary Search Trees,all-elements-in-two-binary-search-trees,Medium
1306,Jump Game III,jump-game-iii,Medium
1307,Verbal Arithmetic Puzzle,verbal-arithmetic-puzzle,Hard
1309,Decrypt String from Alphabet to Integer Mapping,decrypt-string-from-alphabet-to-integer-mapping,Easy
1310,XOR Queries of a Subarray,xor-queries-of-a-subarray,Medium
1311,Get Watched Videos by Your Friends,get-watched-videos-by-your-friends,Medium
1312,Minimum Insertion Steps to Make a String Palindrome,minimum-insertion-steps-to-make-a-string-palindrome,Hard
1313,Decompress Run-Length Encoded List,decompress-run-length-encoded-list,Easy
1314,Matrix Block Sum,matrix-block-sum,Medium
1315,Sum of Nodes with Even-Valued Grandparent,sum-of-nodes-with-even-valued-grandparent,Medium
1316,Distinct Echo Substrings,distinct-echo-substrings,Hard
1317,Convert Integer to the Sum of Two No-Zero Integers,convert-integer-to-the-sum-of-two-no-zero-integers,Easy
1318,Minimum Flips to Make a OR b Equal to c,minimum-flips-to-make-a-or-b-equal-to-c,Medium
1319,Number of Operations to Make Network Connected,number-of-operations-to-make-network-connected,Medium
1320,Minimum Distance to Type a Word Using Two Fingers,minimum-distance-to-type-a-word-using-two-fingers,Hard
1323,Maximum 69 Number,maximum-69-number,Easy
1324,Print Words Vertically,print-words-vertically,Medium
1325,Delete Leaves With a Given Value,delete-leaves-with-a-given-value,Medium
1326,Minimum Number of Taps to Open to Water a Garden,minimum-number-of-taps-to-open-to-water-a-garden,Hard
1328,Break a Palindrome,break-a-palindrome,Medium
1329,Sort the Matrix Diagonally,sort-the-matrix-diagonally,Medium
1330,Reverse Subarray To Maximize Array Value,reverse-subarray-to-maximize-array-value,Hard
1331,Rank Transform of an Array,rank-transform-of-an-array,Easy
1332,Remove Palindromic Subsequences,remove-palindromic-subsequences,Easy
1333,"Filter Restaurants by Vegan-Friendly, Price and Distance",filter-restaurants-by-vegan-friendly-price-and-distance,Medium
1334,Find the City With the Smallest Number of Neighbors at a Threshold Distance,find-the-city-with-the-smallest-number-of-neighbors-at-a-threshold-distance,Medium
1335,Minimum Difficulty of a Job Schedule,minimum-difficulty-of-a-job-schedule,Hard
1337,The K Weakest Rows in a Matrix,the-k-weakest-rows-in-a-matrix,Easy
1338,Reduce Array Size to The Half,reduce-array-size-to-the-half,Medium
1339,Maximum Product of Splitted Binary Tree,maximum-product-of-splitted-binary-tree,Medium
1340,Jump Game V,jump-game-v,Hard
1342,Number of Steps to Reduce a Number to Zero,number-of-steps-to-reduce-a-number-to-zero,Easy
1343,Number of Sub-arrays of Size K and Average Greater than or Equal to Threshold,number-of-sub-arrays-of-size-k-and-average-greater-than-or-equal-to-threshold,Medium
1344,Angle Between Hands of a Clock,angle-between-hands-of-a-clock,Medium
1345,Jump Game IV,jump-game-iv,Hard
1346,Check If N and Its Double Exist,check-if-n-and-its-double-exist,Easy
1347,Minimum Number of Steps to Make Two Strings Anagram,minimum-number-of-steps-to-make-two-strings-anagram,Medium
1348,Tweet Counts Per Frequency,tweet-counts-per-frequency,Medium
1349,Maximum Students Taking Exam,maximum-students-taking-exam,Hard
1351,Count Negative Numbers in a Sorted Matrix,count-negative-numbers-in-a-sorted-matrix,Easy
1352,Product of the Last K Numbers,product-of-the-last-k-numbers,Medium
1353,Maximum Number of Events That Can Be Attended,maximum-number-of-events-that-can-be-attended,Medium
1354,Construct Target Array With Multiple Sums,construct-target-array-with-multiple-sums,Hard
1356,Sort Integers by The Number of 1 Bits,sort-integers-by-the-number-of-1-bits,Easy
1357,Apply Discount Every n Orders,apply-discount-every-n-orders,Medium
1358,Number of Substrings Containing All Three Characters,number-of-substrings-containing-all-three-characters,Medium
1359,Count All Valid Pickup and Delivery Options,count-all-valid-pickup-and-delivery-options,Hard
1360,Number of Days Between Two Dates,number-of-days-between-two-dates,Easy
1361,Validate Binary Tree Nodes,validate-binary-tree-nodes,Medium
1362,Closest Divisors,closest-divisors,Medium
1363,Largest Multiple of Three,largest-multiple-of-three,Hard
1365,How Many Numbers Are Smaller Than the Current Number,how-many-numbers-are-smaller-than-the-current-number,Easy
1366,Rank Teams by Votes,rank-teams-by-votes,Medium
1367,Linked List in Binary Tree,linked-list-in-binary-tree,Medium
1368,Minimum Cost to Make at Least One Valid Path in a Grid,minimum-cost-to-make-at-least-one-valid-path-in-a-grid,Hard
1370,Increasing Decreasing String,increasing-decreasing-string,Easy
1371,Find the Longest Substring Containing Vowels in Even Counts,find-the-longest-substring-containing-vowels-in-even-counts,Medium
1372,Longest ZigZag Path in a Binary Tree,longest-zigzag-path-in-a-binary-tree,Medium
1373,Maximum Sum BST in Binary Tree,maximum-sum-bst-in-binary-tree,Hard
1374,Generate a String With Characters That Have Odd Counts,generate-a-string-with-characters-that-have-odd-counts,Easy
1375,Number of Times Binary String Is Prefix-Aligned,number-of-times-binary-string-is-prefix-aligned,Medium
1376,Time Needed to Inform All Employees,time-needed-to-inform-all-employees,Medium
1377,Frog Position After T Seconds,frog-position-after-t-seconds,Hard
1379,Find a Corresponding Node of a Binary Tree in a Clone of That Tree,find-a-corresponding-node-of-a-binary-tree-in-a-clone-of-that-tree,Easy
1380,Lucky Numbers in a Matrix,lucky-numbers-in-a-matrix,Easy
1381,Design a Stack With Increment Operation,design-a-stack-with-increment-operation,Medium
1382,Balance a Binary Search Tree,balance-a-binary-search-tree,Medium
1383,Maximum Performance of a Team,maximum-performance-of-a-team,Hard
1385,Find the Distance Value Between Two Arrays,find-the-distance-value-between-two-arrays,Easy
1386,Cinema Seat Allocation,cinema-seat-allocation,Medium
1387,Sort Integers by The Power Value,sort-integers-by-the-power-value,Medium
1388,Pizza With 3n Slices,pizza-with-3n-slices,Hard
1389,Create Target Array in the Given Order,create-target-array-in-the-given-order,Easy
1390,Four Divisors,four-divisors,Medium
1391,Check if There is a Valid Path in a Grid,check-if-there-is-a-valid-path-in-a-grid,Medium
1392,Longest Happy Prefix,longest-happy-prefix,Hard
1394,Find Lucky Integer in an Array,find-lucky-integer-in-an-array,Easy
1395,Count Number of Teams,count-number-of-teams,Medium
1396,Design Underground System,design-underground-system,Medium
1397,Find All Good Strings,find-all-good-strings,Hard
1399,Count Largest Group,count-largest-group,Easy
1400,Construct K Palindrome Strings,construct-k-palindrome-strings,Medium
1401,Circle and Rectangle Overlapping,circle-and-rectangle-overlapping,Medium
1402,Reducing Dishes,reducing-dishes,Hard
1403,Minimum Subsequence in Non-Increasing Order,minimum-subsequence-in-non-increasing-order,Easy
1404,Number of Steps to Reduce a Number in Binary Representation to One,number-of-steps-to-reduce-a-number-in-binary-representation-to-one,Medium
1405,Longest Happy String,longest-happy-string,Medium
1406,Stone Game III,stone-game-iii,Hard
1408,String Matching in an Array,string-matching-in-an-array,Easy
1409,Queries on a Permutation With Key,queries-on-a-permutation-with-key,Medium
1410,HTML Entity Parser,html-entity-parser,Medium
1411,Number of Ways to Paint N × 3 Grid,number-of-ways-to-paint-n-3-grid,Hard
1413,Minimum Value to Get Positive Step by Step Sum,minimum-value-to-get-positive-step-by-step-sum,Easy
1414,Find the Minimum Number of Fibonacci Numbers Whose Sum Is K,find-the-minimum-number-of-fibonacci-numbers-whose-sum-is-k,Medium
1415,The k-th Lexicographical String of All Happy Strings of Length n,the-k-th-lexicographical-string-of-all-happy-strings-of-length-n,Medium
1416,Restore The Array,restore-the-array,Hard
1417,Reformat The String,reformat-the-string,Easy
1418,Display Table of Food Orders in a Restaurant,display-table-of-food-orders-in-a-restaurant,Medium
1419,Minimum Number of Frogs Croaking,minimum-number-of-frogs-croaking,Medium
1420,Build Array Where You Can Find The Maximum Exactly K Comparisons,build-array-where-you-can-find-the-maximum-exactly-k-comparisons,Hard
1422,Maximum Score After Splitting a String,maximum-score-after-splitting-a-string,Easy
1423,Maximum Points You Can Obtain from Cards,maximum-points-you-can-obtain-from-cards,Medium
1424,Diagonal Traverse II,diagonal-traverse-ii,Medium
1425,Constrained Subsequence Sum,constrained-subsequence-sum,Hard
1431,Kids With the Greatest Number of Candies,kids-with-the-greatest-number-of-candies,Easy
1432,Max Difference You Can Get From Changing an Integer,max-difference-you-can-get-from-changing-an-integer,Medium
1433,Check If a String Can Break Another String,check-if-a-string-can-break-another-string,Medium
1434,Number of Ways to Wear Different Hats to Each Other,number-of-ways-to-wear-different-hats-to-each-other,Hard
1436,Destination City,destination-city,Easy
1437,Check If All 1's Are at Least Length K Places Away,check-if-all-1s-are-at-least-length-k-places-away,Easy
1438,Longest Continuous Subarray With Absolute Diff Less Than or Equal to Limit,longest-continuous-subarray-with-absolute-diff-less-than-or-equal-to-limit,Medium
1439,Find the Kth Smallest Sum of a Matrix With Sorted Rows,find-the-kth-smallest-sum-of-a-matrix-with-sorted-rows,Hard
1441,Build an Array With Stack Operations,build-an-array-with-stack-operations,Medium
1442,Count Triplets That Can Form Two Arrays of Equal XOR,count-triplets-that-can-form-two-arrays-of-equal-xor,Medium
1443,Minimum Time to Collect All Apples in a Tree,minimum-time-to-collect-all-apples-in-a-tree,Medium
1444,Number of Ways of Cutting a Pizza,number-of-ways-of-cutting-a-pizza,Hard
1446,Consecutive Characters,consecutive-characters,Easy
1447,Simplified Fractions,simplified-fractions,Medium
1448,Count Good Nodes in Binary Tree,count-good-nodes-in-binary-tree,Medium
1449,Form Largest Integer With Digits That Add up to Target,form-largest-integer-with-digits-that-add-up-to-target,Hard
1450,Number of Students Doing Homework at a Given Time,number-of-students-doing-homework-at-a-given-time,Easy
1451,Rearrange Words in a Sentence,rearrange-words-in-a-sentence,Medium
1452,People Whose List of Favorite Companies Is Not a Subset of Another List,people-whose-list-of-favorite-companies-is-not-a-subset-of-another-list,Medium
1453,Maximum Number of Darts Inside of a Circular Dartboard,maximum-number-of-darts-inside-of-a-circular-dartboard,Hard
1455,Check If a Word Occurs As a Prefix of Any Word in a Sentence,check-if-a-word-occurs-as-a-prefix-of-any-word-in-a-sentence,Easy
1456,Maximum Number of Vowels in a Substring of Given Length,maximum-number-of-vowels-in-a-substring-of-given-length,Medium
1457,Pseudo-Palindromic Paths in a Binary Tree,pseudo-palindromic-paths-in-a-binary-tree,Medium
1458,Max Dot Product of Two Subsequences,max-dot-product-of-two-subsequences,Hard
1460,Make Two Arrays Equal by Reversing Subarrays,make-two-arrays-equal-by-reversing-subarrays,Easy
1461,Check If a String Contains All Binary Codes of Size K,check-if-a-string-contains-all-binary-codes-of-size-k,Medium
1462,Course Schedule IV,course-schedule-iv,Medium
1463,Cherry Pickup II,cherry-pickup-ii,Hard
1464,Maximum Product of Two Elements in an Array,maximum-product-of-two-elements-in-an-array,Easy
1465,Maximum Area of a Piece of Cake After Horizontal and Vertical Cuts,maximum-area-of-a-piece-of-cake-after-horizontal-and-vertical-cuts,Medium
1466,Reorder Routes to Make All Paths Lead to the City Zero,reorder-routes-to-make-all-paths-lead-to-the-city-zero,Medium
1467,Probability of a Two Boxes Having The Same Number of Distinct Balls,probability-of-a-two-boxes-having-the-same-number-of-distinct-balls,Hard
1470,Shuffle the Array,shuffle-the-array,Easy
1471,The k Strongest Values in an Array,the-k-strongest-values-in-an-array,Medium
1472,Design Browser History,design-browser-history,Medium
1473,Paint House III,paint-house-iii,Hard
1475,Final Prices With a Special Discount in a Shop,final-prices-with-a-special-discount-in-a-shop,Easy
1476,Subrectangle Queries,subrectangle-queries,Medium
1477,Find Two Non-overlapping Sub-arrays Each With Target Sum,find-two-non-overlapping-sub-arrays-each-with-target-sum,Medium
1478,Allocate Mailboxes,allocate-mailboxes,Hard
1480,Running Sum of 1d Array,running-sum-of-1d-array,Easy
1481,Least Number of Unique Integers after K Removals,least-number-of-unique-integers-after-k-removals,Medium
1482,Minimum Number of Days to Make m Bouquets,minimum-number-of-days-to-make-m-bouquets,Medium
1483,Kth Ancestor of a Tree Node,kth-ancestor-of-a-tree-node,Hard
1486,XOR Operation in an Array,xor-operation-in-an-array,Easy
1487,Making File Names Unique,making-file-names-unique,Medium
1488,Avoid Flood in The City,avoid-flood-in-the-city,Medium
1489,Find Critical and Pseudo-Critical Edges in Minimum Spanning Tree,find-critical-and-pseudo-critical-edges-in-minimum-spanning-tree,Hard
1491,Average Salary Excluding the Minimum and Maximum Salary,average-salary-excluding-the-minimum-and-maximum-salary,Easy
1492,The kth Factor of n,the-kth-factor-of-n,Medium
1493,Longest Subarray of 1's After Deleting One Element,longest-subarray-of-1s-after-deleting-one-element,Medium
1494,Parallel Courses II,parallel-courses-ii,Hard
1496,Path Crossing,path-crossing,Easy
1497,Check If Array Pairs Are Divisible by k,check-if-array-pairs-are-divisible-by-k,Medium
1498,Number of Subsequences That Satisfy the Given Sum Condition,number-of-subsequences-that-satisfy-the-given-sum-condition,Medium
1499,Max Value of Equation,max-value-of-equation,Hard
1502,Can Make Arithmetic Progression From Sequence,can-make-arithmetic-progression-from-sequence,Easy
1503,Last Moment Before All Ants Fall Out of a Plank,last-moment-before-all-ants-fall-out-of-a-plank,Medium
1504,Count Submatrices With All Ones,count-submatrices-with-all-ones,Medium
1505,Minimum Possible Integer After at Most K Adjacent Swaps On Digits,minimum-possible-integer-after-at-most-k-adjacent-swaps-on-digits,Hard
1507,Reformat Date,reformat-date,Easy
1508,Range Sum of Sorted Subarray Sums,range-sum-of-sorted-subarray-sums,Medium
1509,Minimum Difference Between Largest and Smallest Value in Three Moves,minimum-difference-between-largest-and-smallest-value-in-three-moves,Medium
1510,Stone Game IV,stone-game-iv,Hard
1512,Number of Good Pairs,number-of-good-pairs,Easy
1513,Number of Substrings With Only 1s,number-of-substrings-with-only-1s,Medium
1514,Path with Maximum Probability,path-with-maximum-probability,Medium
1515,Best Position for a Service Centre,best-position-for-a-service-centre,Hard
1518,Water Bottles,water-bottles,Easy
1519,Number of Nodes in the Sub-Tree With the Same Label,number-of-nodes-in-the-sub-tree-with-the-same-label,Medium
1520,Maximum Number of Non-Overlapping Substrings,maximum-number-of-non-overlapping-substrings,Hard
1521,Find a Value of a Mysterious Function Closest to Target,find-a-value-of-a-mysterious-function-closest-to-target,Hard
1523,Count Odd Numbers in an Interval Range,count-odd-numbers-in-an-interval-range,Easy
1524,Number of Sub-arrays With Odd Sum,number-of-sub-arrays-with-odd-sum,Medium
1525,Number of Good Ways to Split a String,number-of-good-ways-to-split-a-string,Medium
1526,Minimum Number of Increments on Subarrays to Form a Target Array,minimum-number-of-increments-on-subarrays-to-form-a-target-array,Hard
1528,Shuffle String,shuffle-string,Easy
1529,Minimum Suffix Flips,minimum-suffix-flips,Medium
1530,Number of Good Leaf Nodes Pairs,number-of-good-leaf-nodes-pairs,Medium
1531,String Compression II,string-compression-ii,Hard
1534,Count Good Triplets,count-good-triplets,Easy
1535,Find the Winner of an Array Game,find-the-winner-of-an-array-game,Medium
1536,Minimum Swaps to Arrange a Binary Grid,minimum-swaps-to-arrange-a-binary-grid,Medium
1537,Get the Maximum Score,get-the-maximum-score,Hard
1539,Kth Missing Positive Number,kth-missing-positive-number,Easy
1540,Can Convert String in K Moves,can-convert-string-in-k-moves,Medium
1541,Minimum Insertions to Balance a Parentheses String,minimum-insertions-to-balance-a-parentheses-string,Medium
1542,Find Longest Awesome Substring,find-longest-awesome-substring,Hard
1544,Make The String Great,make-the-string-great,Easy
1545,Find Kth Bit in Nth Binary String,find-kth-bit-in-nth-binary-string,Medium
1546,Maximum Number of Non-Overlapping Subarrays With Sum Equals Target,maximum-number-of-non-overlapping-subarrays-with-sum-equals-target,Medium
1547,Minimum Cost to Cut a Stick,minimum-cost-to-cut-a-stick,Hard
1550,Three Consecutive Odds,three-consecutive-odds,Easy
1551,Minimum Operations to Make Array Equal,minimum-operations-to-make-array-equal,Medium
1552,Magnetic Force Between Two Balls,magnetic-force-between-two-balls,Medium
1553,Minimum Number of Days to Eat N Oranges,minimum-number-of-days-to-eat-n-oranges,Hard
1556,Thousand Separator,thousand-separator,Easy
1557,Minimum Number of Vertices to Reach All Nodes,minimum-number-of-vertices-to-reach-all-nodes,Medium
1558,Minimum Numbers of Function Calls to Make Target Array,minimum-numbers-of-function-calls-to-make-target-array,Medium
1559,Detect Cycles in 2D Grid,detect-cycles-in-2d-grid,Medium
1560,Most Visited Sector in  a Circular Track,most-visited-sector-in-a-circular-track,Easy
1561,Maximum Number of Coins You Can Get,maximum-number-of-coins-you-can-get,Medium
1562,Find Latest Group of Size M,find-latest-group-of-size-m,Medium
1563,Stone Game V,stone-game-v,Hard
1566,Detect Pattern of Length M Repeated K or More Times,detect-pattern-of-length-m-repeated-k-or-more-times,Easy
1567,Maximum Length of Subarray With Positive Product,maximum-length-of-subarray-with-positive-product,Medium
1568,Minimum Number of Days to Disconnect Island,minimum-number-of-days-to-disconnect-island,Hard
1569,Number of Ways to Reorder Array to Get Same BST,number-of-ways-to-reorder-array-to-get-same-bst,Hard
1572,Matrix Diagonal Sum,matrix-diagonal-sum,Easy
1573,Number of Ways to Split a String,number-of-ways-to-split-a-string,Medium
1574,Shortest Subarray to be Removed to Make Array Sorted,shortest-subarray-to-be-removed-to-make-array-sorted,Medium
1575,Count All Possible Routes,count-all-possible-routes,Hard
1576,Replace All ?'s to Avoid Consecutive Repeating Characters,replace-all-s-to-avoid-consecutive-repeating-characters,Easy
1577,Number of Ways Where Square of Number Is Equal to Product of Two Numbers,number-of-ways-where-square-of-number-is-equal-to-product-of-two-numbers,Medium
1578,Minimum Time to Make Rope Colorful,minimum-time-to-make-rope-colorful,Medium
1579,Remove Max Number of Edges to Keep Graph Fully Traversable,remove-max-number-of-edges-to-keep-graph-fully-traversable,Hard
1582,Special Positions in a Binary Matrix,special-positions-in-a-binary-matrix,Easy
1583,Count Unhappy Friends,count-unhappy-friends,Medium
1584,Min Cost to Connect All Points,min-cost-to-connect-all-points,Medium
1585,Check If String Is Transformable With Substring Sort Operations,check-if-string-is-transformable-with-substring-sort-operations,Hard
1588,Sum of All Odd Length Subarrays,sum-of-all-odd-length-subarrays,Easy
1589,Maximum Sum Obtained of Any Permutation,maximum-sum-obtained-of-any-permutation,Medium
1590,Make Sum Divisible by P,make-sum-divisible-by-p,Medium
1591,Strange Printer II,strange-printer-ii,Hard
1592,Rearrange Spaces Between Words,rearrange-spaces-between-words,Easy
1593,Split a String Into the Max Number of Unique Substrings,split-a-string-into-the-max-number-of-unique-substrings,Medium
1594,Maximum Non Negative Product in a Matrix,maximum-non-negative-product-in-a-matrix,Medium
1595,Minimum Cost to Connect Two Groups of Points,minimum-cost-to-connect-two-groups-of-points,Hard
1598,Crawler Log Folder,crawler-log-folder,Easy
1599,Maximum Profit of Operating a Centennial Wheel,maximum-profit-of-operating-a-centennial-wheel,Medium
1600,Throne Inheritance,throne-inheritance,Medium
1601,Maximum Number of Achievable Transfer Requests,maximum-number-of-achievable-transfer-requests,Hard
1603,Design Parking System,design-parking-system,Easy
1604,Alert Using Same Key-Card Three or More Times in a One Hour Period,alert-using-same-key-card-three-or-more-times-in-a-one-hour-period,Medium
1605,Find Valid Matrix Given Row and Column Sums,find-valid-matrix-given-row-and-column-sums,Medium
1606,Find Servers That Handled Most Number of Requests,find-servers-that-handled-most-number-of-requests,Hard
1608,Special Array With X Elements Greater Than or Equal X,special-array-with-x-elements-greater-than-or-equal-x,Easy
1609,Even Odd Tree,even-odd-tree,Medium
1610,Maximum Number of Visible Points,maximum-number-of-visible-points,Hard
1611,Minimum One Bit Operations to Make Integers Zero,minimum-one-bit-operations-to-make-integers-zero,Hard
1614,Maximum Nesting Depth of the Parentheses,maximum-nesting-depth-of-the-parentheses,Easy
1615,Maximal Network Rank,maximal-network-rank,Medium
1616,Split Two Strings to Make Palindrome,split-two-strings-to-make-palindrome,Medium
1617,Count Subtrees With Max Distance Between Cities,count-subtrees-with-max-distance-between-cities,Hard
1619,Mean of Array After Removing Some Elements,mean-of-array-after-removing-some-elements,Easy
1620,Coordinate With Maximum Network Quality,coordinate-with-maximum-network-quality,Medium
1621,Number of Sets of K Non-Overlapping Line Segments,number-of-sets-of-k-non-overlapping-line-segments,Medium
1622,Fancy Sequence,fancy-sequence,Hard
1624,Largest Substring Between Two Equal Characters,largest-substring-between-two-equal-characters,Easy
1625,Lexicographically Smallest String After Applying Operations,lexicographically-smallest-string-after-applying-operations,Medium
1626,Best Team With No Conflicts,best-team-with-no-conflicts,Medium
1627,Graph Connectivity With Threshold,graph-connectivity-with-threshold,Hard
1629,Slowest Key,slowest-key,Easy
1630,Arithmetic Subarrays,arithmetic-subarrays,Medium
1631,Path With Minimum Effort,path-with-minimum-effort,Medium
1632,Rank Transform of a Matrix,rank-transform-of-a-matrix,Hard
1636,Sort Array by Increasing Frequency,sort-array-by-increasing-frequency,Easy
1637,Widest Vertical Area Between Two Points Containing No Points,widest-vertical-area-between-two-points-containing-no-points,Easy
1638,Count Substrings That Differ by One Character,count-substrings-that-differ-by-one-character,Medium
1639,Number of Ways to Form a Target String Given a Dictionary,number-of-ways-to-form-a-target-string-given-a-dictionary,Hard
1640,Check Array Formation Through Concatenation,check-array-formation-through-concatenation,Easy
1641,Count Sorted Vowel Strings,count-sorted-vowel-strings,Medium
1642,Furthest Building You Can Reach,furthest-building-you-can-reach,Medium
1643,Kth Smallest Instructions,kth-smallest-instructions,Hard
1646,Get Maximum in Generated Array,get-maximum-in-generated-array,Easy
1647,Minimum Deletions to Make Character Frequencies Unique,minimum-deletions-to-make-character-frequencies-unique,Medium
1648,Sell Diminishing-Valued Colored Balls,sell-diminishing-valued-colored-balls,Medium
1649,Create Sorted Array through Instructions,create-sorted-array-through-instructions,Hard
1652,Defuse the Bomb,defuse-the-bomb,Easy
1653,Minimum Deletions to Make String Balanced,minimum-deletions-to-make-string-balanced,Medium
1654,Minimum Jumps to Reach Home,minimum-jumps-to-reach-home,Medium
1655,Distribute Repeating Integers,distribute-repeating-integers,Hard
1656,Design an Ordered Stream,design-an-ordered-stream,Easy
1657,Determine if Two Strings Are Close,determine-if-two-strings-are-close,Medium
1658,Minimum Operations to Reduce X to Zero,minimum-operations-to-reduce-x-to-zero,Medium
1659,Maximize Grid Happiness,maximize-grid-happiness,Hard
1662,Check If Two String Arrays are Equivalent,check-if-two-string-arrays-are-equivalent,Easy
1663,Smallest String With A Given Numeric Value,smallest-string-with-a-given-numeric-value,Medium
1664,Ways to Make a Fair Array,ways-to-make-a-fair-array,Medium
1665,Minimum Initial Energy to Finish Tasks,minimum-initial-energy-to-finish-tasks,Hard
1668,Maximum Repeating Substring,maximum-repeating-substring,Easy
1669,Merge In Between Linked Lists,merge-in-between-linked-lists,Medium
1670,Design Front Middle Back Queue,design-front-middle-back-queue,Medium
1671,Minimum Number of Removals to Make Mountain Array,minimum-number-of-removals-to-make-mountain-array,Hard
1672,Richest Customer Wealth,richest-customer-wealth,Easy
1673,Find the Most Competitive Subsequence,find-the-most-competitive-subsequence,Medium
1674,Minimum Moves to Make Array Complementary,minimum-moves-to-make-array-complementary,Medium
1675,Minimize Deviation in Array,minimize-deviation-in-array,Hard
1678,Goal Parser Interpretation,goal-parser-interpretation,Easy
1679,Max Number of K-Sum Pairs,max-number-of-k-sum-pairs,Medium
1680,Concatenation of Consecutive Binary Numbers,concatenation-of-consecutive-binary-numbers,Medium
1681,Minimum Incompatibility,minimum-incompatibility,Hard
1684,Count the Number of Consistent Strings,count-the-number-of-consistent-strings,Easy
1685,Sum of Absolute Differences in a Sorted Array,sum-of-absolute-differences-in-a-sorted-array,Medium
1686,Stone Game VI,stone-game-vi,Medium
1687,Delivering Boxes from Storage to Ports,delivering-boxes-from-storage-to-ports,Hard
1688,Count of Matches in Tournament,count-of-matches-in-tournament,Easy
1689,Partitioning Into Minimum Number Of Deci-Binary Numbers,partitioning-into-minimum-number-of-deci-binary-numbers,Medium
1690,Stone Game VII,stone-game-vii,Medium
1691,Maximum Height by Stacking Cuboids ,maximum-height-by-stacking-cuboids,Hard
1694,Reformat Phone Number,reformat-phone-number,Easy
1695,Maximum Erasure Value,maximum-erasure-value,Medium
1696,Jump Game VI,jump-game-vi,Medium
1697,Checking Existence of Edge Length Limited Paths,checking-existence-of-edge-length-limited-paths,Hard
1700,Number of Students Unable to Eat Lunch,number-of-students-unable-to-eat-lunch,Easy
1701,Average Waiting Time,average-waiting-time,Medium
1702,Maximum Binary String After Change,maximum-binary-string-after-change,Medium
1703,Minimum Adjacent Swaps for K Consecutive Ones,minimum-adjacent-swaps-for-k-consecutive-ones,Hard
1704,Determine if String Halves Are Alike,determine-if-string-halves-are-alike,Easy
1705,Maximum Number of Eaten Apples,maximum-number-of-eaten-apples,Medium
1706,Where Will the Ball Fall,where-will-the-ball-fall,Medium
1707,Maximum XOR With an Element From Array,maximum-xor-with-an-element-from-array,Hard
1710,Maximum Units on a Truck,maximum-units-on-a-truck,Easy
1711,Count Good Meals,count-good-meals,Medium
1712,Ways to Split Array Into Three Subarrays,ways-to-split-array-into-three-subarrays,Medium
1713,Minimum Operations to Make a Subsequence,minimum-operations-to-make-a-subsequence,Hard
1716,Calculate Money in Leetcode Bank,calculate-money-in-leetcode-bank,Easy
1717,Maximum Score From Removing Substrings,maximum-score-from-removing-substrings,Medium
1718,Construct the Lexicographically Largest Valid Sequence,construct-the-lexicographically-largest-valid-sequence,Medium
1719,Number Of Ways To Reconstruct A Tree,number-of-ways-to-reconstruct-a-tree,Hard
1720,Decode XORed Array,decode-xored-array,Easy
1721,Swapping Nodes in a Linked List,swapping-nodes-in-a-linked-list,Medium
1722,Minimize Hamming Distance After Swap Operations,minimize-hamming-distance-after-swap-operations,Medium
1723,Find Minimum Time to Finish All Jobs,find-minimum-time-to-finish-all-jobs,Hard
1725,Number Of Rectangles That Can Form The Largest Square,number-of-rectangles-that-can-form-the-largest-square,Easy
1726,Tuple with Same Product,tuple-with-same-product,Medium
1727,Largest Submatrix With Rearrangements,largest-submatrix-with-rearrangements,Medium
1728,Cat and Mouse II,cat-and-mouse-ii,Hard
1732,Find the Highest Altitude,find-the-highest-altitude,Easy
1733,Minimum Number of People to Teach,minimum-number-of-people-to-teach,Medium
1734,Decode XORed Permutation,decode-xored-permutation,Medium
1735,Count Ways to Make Array With Product,count-ways-to-make-array-with-product,Hard
1736,Latest Time by Replacing Hidden Digits,latest-time-by-replacing-hidden-digits,Easy
1737,Change Minimum Characters to Satisfy One of Three Conditions,change-minimum-characters-to-satisfy-one-of-three-conditions,Medium
1738,Find Kth Largest XOR Coordinate Value,find-kth-largest-xor-coordinate-value,Medium
1739,Building Boxes,building-boxes,Hard
1742,Maximum Number of Balls in a Box,maximum-number-of-balls-in-a-box,Easy
1743,Restore the Array From Adjacent Pairs,restore-the-array-from-adjacent-pairs,Medium
1744,Can You Eat Your Favorite Candy on Your Favorite Day?,can-you-eat-your-favorite-candy-on-your-favorite-day,Medium
1745,Palindrome Partitioning IV,palindrome-partitioning-iv,Hard
1748,Sum of Unique Elements,sum-of-unique-elements,Easy
1749,Maximum Absolute Sum of Any Subarray,maximum-absolute-sum-of-any-subarray,Medium
1750,Minimum Length of String After Deleting Similar Ends,minimum-length-of-string-after-deleting-similar-ends,Medium
1751,Maximum Number of Events That Can Be Attended II,maximum-number-of-events-that-can-be-attended-ii,Hard
1752,Check if Array Is Sorted and Rotated,check-if-array-is-sorted-and-rotated,Easy
1753,Maximum Score From Removing Stones,maximum-score-from-removing-stones,Medium
1754,Largest Merge Of Two Strings,largest-merge-of-two-strings,Medium
1755,Closest Subsequence Sum,closest-subsequence-sum,Hard
1758,Minimum Changes To Make Alternating Binary String,minimum-changes-to-make-alternating-binary-string,Easy
1759,Count Number of Homogenous Substrings,count-number-of-homogenous-substrings,Medium
1760,Minimum Limit of Balls in a Bag,minimum-limit-of-balls-in-a-bag,Medium
1761,Minimum Degree of a Connected Trio in a Graph,minimum-degree-of-a-connected-trio-in-a-graph,Hard
1763,Longest Nice Substring,longest-nice-substring,Easy
1764,Form Array by Concatenating Subarrays of Another Array,form-array-by-concatenating-subarrays-of-another-array,Medium
1765,Map of Highest Peak,map-of-highest-peak,Medium
1766,Tree of Coprimes,tree-of-coprimes,Hard
1768,Merge Strings Alternately,merge-strings-alternately,Easy
1769,Minimum Number of Operations to Move All Balls to Each Box,minimum-number-of-operations-to-move-all-balls-to-each-box,Medium
1770,Maximum Score from Performing Multiplication Operations,maximum-score-from-performing-multiplication-operations,Hard
1771,Maximize Palindrome Length From Subsequences,maximize-palindrome-length-from-subsequences,Hard
1773,Count Items Matching a Rule,count-items-matching-a-rule,Easy
1774,Closest Dessert Cost,closest-dessert-cost,Medium
1775,Equal Sum Arrays With Minimum Number of Operations,equal-sum-arrays-with-minimum-number-of-operations,Medium
1776,Car Fleet II,car-fleet-ii,Hard
1779,Find Nearest Point That Has the Same X or Y Coordinate,find-nearest-point-that-has-the-same-x-or-y-coordinate,Easy
1780,Check if Number is a Sum of Powers of Three,check-if-number-is-a-sum-of-powers-of-three,Medium
1781,Sum of Beauty of All Substrings,sum-of-beauty-of-all-substrings,Medium
1782,Count Pairs Of Nodes,count-pairs-of-nodes,Hard
1784,Check if Binary String Has at Most One Segment of Ones,check-if-binary-string-has-at-most-one-segment-of-ones,Easy
1785,Minimum Elements to Add to Form a Given Sum,minimum-elements-to-add-to-form-a-given-sum,Medium
1786,Number of Restricted Paths From First to Last Node,number-of-restricted-paths-from-first-to-last-node,Medium
1787,Make the XOR of All Segments Equal to Zero,make-the-xor-of-all-segments-equal-to-zero,Hard
1790,Check if One String Swap Can Make Strings Equal,check-if-one-string-swap-can-make-strings-equal,Easy
1791,Find Center of Star Graph,find-center-of-star-graph,Easy
1792,Maximum Average Pass Ratio,maximum-average-pass-ratio,Medium
1793,Maximum Score of a Good Subarray,maximum-score-of-a-good-subarray,Hard
1796,Second Largest Digit in a String,second-largest-digit-in-a-string,Easy
1797,Design Authentication Manager,design-authentication-manager,Medium
1798,Maximum Number of Consecutive Values You Can Make,maximum-number-of-consecutive-values-you-can-make,Medium
1799,Maximize Score After N Operations,maximize-score-after-n-operations,Hard
1800,Maximum Ascending Subarray Sum,maximum-ascending-subarray-sum,Easy
1801,Number of Orders in the Backlog,number-of-orders-in-the-backlog,Medium
1802,Maximum Value at a Given Index in a Bounded Array,maximum-value-at-a-given-index-in-a-bounded-array,Medium
1803,Count Pairs With XOR in a Range,count-pairs-with-xor-in-a-range,Hard
1805,Number of Different Integers in a String,number-of-different-integers-in-a-string,Easy
1806,Minimum Number of Operations to Reinitialize a Permutation,minimum-number-of-operations-to-reinitialize-a-permutation,Medium
1807,Evaluate the Bracket Pairs of a String,evaluate-the-bracket-pairs-of-a-string,Medium
1808,Maximize Number of Nice Divisors,maximize-number-of-nice-divisors,Hard
1812,Determine Color of a Chessboard Square,determine-color-of-a-chessboard-square,Easy
1813,Sentence Similarity III,sentence-similarity-iii,Medium
1814,Count Nice Pairs in an Array,count-nice-pairs-in-an-array,Medium
1815,Maximum Number of Groups Getting Fresh Donuts,maximum-number-of-groups-getting-fresh-donuts,Hard
1816,Truncate Sentence,truncate-sentence,Easy
1817,Finding the Users Active Minutes,finding-the-users-active-minutes,Medium
1818,Minimum Absolute Sum Difference,minimum-absolute-sum-difference,Medium
1819,Number of Different Subsequences GCDs,number-of-different-subsequences-gcds,Hard
1822,Sign of the Product of an Array,sign-of-the-product-of-an-array,Easy
1823,Find the Winner of the Circular Game,find-the-winner-of-the-circular-game,Medium
1824,Minimum Sideway Jumps,minimum-sideway-jumps,Medium
1825,Finding MK Average,finding-mk-average,Hard
1827,Minimum Operations to Make the Array Increasing,minimum-operations-to-make-the-array-increasing,Easy
1828,Queries on Number of Points Inside a Circle,queries-on-number-of-points-inside-a-circle,Medium
1829,Maximum XOR for Each Query,maximum-xor-for-each-query,Medium
1830,Minimum Number of Operations to Make String Sorted,minimum-number-of-operations-to-make-string-sorted,Hard
1832,Check if the Sentence Is Pangram,check-if-the-sentence-is-pangram,Easy
1833,Maximum Ice Cream Bars,maximum-ice-cream-bars,Medium
1834,Single-Threaded CPU,single-threaded-cpu,Medium
1835,Find XOR Sum of All Pairs Bitwise AND,find-xor-sum-of-all-pairs-bitwise-and,Hard
1837,Sum of Digits in Base K,sum-of-digits-in-base-k,Easy
1838,Frequency of the Most Frequent Element,frequency-of-the-most-frequent-element,Medium
1839,Longest Substring Of All Vowels in Order,longest-substring-of-all-vowels-in-order,Medium
1840,Maximum Building Height,maximum-building-height,Hard
1844,Replace All Digits with Characters,replace-all-digits-with-characters,Easy
1845,Seat Reservation Manager,seat-reservation-manager,Medium
1846,Maximum Element After Decreasing and Rearranging,maximum-element-after-decreasing-and-rearranging,Medium
1847,Closest Room,closest-room,Hard
1848,Minimum Distance to the Target Element,minimum-distance-to-the-target-element,Easy
1849,Splitting a String Into Descending Consecutive Values,splitting-a-string-into-descending-consecutive-values,Medium
1850,Minimum Adjacent Swaps to Reach the Kth Smallest Number,minimum-adjacent-swaps-to-reach-the-kth-smallest-number,Medium
1851,Minimum Interval to Include Each Query,minimum-interval-to-include-each-query,Hard
1854,Maximum Population Year,maximum-population-year,Easy
1855,Maximum Distance Between a Pair of Values,maximum-distance-between-a-pair-of-values,Medium
1856,Maximum Subarray Min-Product,maximum-subarray-min-product,Medium
1857,Largest Color Value in a Directed Graph,largest-color-value-in-a-directed-graph,Hard
1859,Sorting the Sentence,sorting-the-sentence,Easy
1860,Incremental Memory Leak,incremental-memory-leak,Medium
1861,Rotating the Box,rotating-the-box,Medium
1862,Sum of Floored Pairs,sum-of-floored-pairs,Hard
1863,Sum of All Subset XOR Totals,sum-of-all-subset-xor-totals,Easy
1864,Minimum Number of Swaps to Make the Binary String Alternating,minimum-number-of-swaps-to-make-the-binary-string-alternating,Medium
1865,Finding Pairs With a Certain Sum,finding-pairs-with-a-certain-sum,Medium
1866,Number of Ways to Rearrange Sticks With K Sticks Visible,number-of-ways-to-rearrange-sticks-with-k-sticks-visible,Hard
1869,Longer Contiguous Segments of Ones than Zeros,longer-contiguous-segments-of-ones-than-zeros,Easy
1870,Minimum Speed to Arrive on Time,minimum-speed-to-arrive-on-time,Medium
1871,Jump Game VII,jump-game-vii,Medium
1872,Stone Game VIII,stone-game-viii,Hard
1876,Substrings of Size Three with Distinct Characters,substrings-of-size-three-with-distinct-characters,Easy
1877,Minimize Maximum Pair Sum in Array,minimize-maximum-pair-sum-in-array,Medium
1878,Get Biggest Three Rhombus Sums in a Grid,get-biggest-three-rhombus-sums-in-a-grid,Medium
1879,Minimum XOR Sum of Two Arrays,minimum-xor-sum-of-two-arrays,Hard
1880,Check if Word Equals Summation of Two Words,check-if-word-equals-summation-of-two-words,Easy
1881,Maximum Value after Insertion,maximum-value-after-insertion,Medium
1882,Process Tasks Using Servers,process-tasks-using-servers,Medium
1883,Minimum Skips to Arrive at Meeting On Time,minimum-skips-to-arrive-at-meeting-on-time,Hard
1884,Egg Drop With 2 Eggs and N Floors,egg-drop-with-2-eggs-and-n-floors,Medium
1886,Determine Whether Matrix Can Be Obtained By Rotation,determine-whether-matrix-can-be-obtained-by-rotation,Easy
1887,Reduction Operations to Make the Array Elements Equal,reduction-operations-to-make-the-array-elements-equal,Medium
1888,Minimum Number of Flips to Make the Binary String Alternating,minimum-number-of-flips-to-make-the-binary-string-alternating,Medium
1889,Minimum Space Wasted From Packaging,minimum-space-wasted-from-packaging,Hard
1893,Check if All the Integers in a Range Are Covered,check-if-all-the-integers-in-a-range-are-covered,Easy
1894,Find the Student that Will Replace the Chalk,find-the-student-that-will-replace-the-chalk,Medium
1895,Largest Magic Square,largest-magic-square,Medium
1896,Minimum Cost to Change the Final Value of Expression,minimum-cost-to-change-the-final-value-of-expression,Hard
1897,Redistribute Characters to Make All Strings Equal,redistribute-characters-to-make-all-strings-equal,Easy
1898,Maximum Number of Removable Characters,maximum-number-of-removable-characters,Medium
1899,Merge Triplets to Form Target Triplet,merge-triplets-to-form-target-triplet,Medium
1900,The Earliest and Latest Rounds Where Players Compete,the-earliest-and-latest-rounds-where-players-compete,Hard
1901,Find a Peak Element II,find-a-peak-element-ii,Medium
1903,Largest Odd Number in String,largest-odd-number-in-string,Easy
1904,The Number of Full Rounds You Have Played,the-number-of-full-rounds-you-have-played,Medium
1905,Count Sub Islands,count-sub-islands,Medium
1906,Minimum Absolute Difference Queries,minimum-absolute-difference-queries,Medium
1909,Remove One Element to Make the Array Strictly Increasing,remove-one-element-to-make-the-array-strictly-increasing,Easy
1910,Remove All Occurrences of a Substring,remove-all-occurrences-of-a-substring,Medium
1911,Maximum Alternating Subsequence Sum,maximum-alternating-subsequence-sum,Medium
1912,Design Movie Rental System,design-movie-rental-system,Hard
1913,Maximum Product Difference Between Two Pairs,maximum-product-difference-between-two-pairs,Easy
1914,Cyclically Rotating a Grid,cyclically-rotating-a-grid,Medium
1915,Number of Wonderful Substrings,number-of-wonderful-substrings,Medium
1916,Count Ways to Build Rooms in an Ant Colony,count-ways-to-build-rooms-in-an-ant-colony,Hard
1920,Build Array from Permutation,build-array-from-permutation,Easy
1921,Eliminate Maximum Number of Monsters,eliminate-maximum-number-of-monsters,Medium
1922,Count Good Numbers,count-good-numbers,Medium
1923,Longest Common Subpath,longest-common-subpath,Hard
1925,Count Square Sum Triples,count-square-sum-triples,Easy
1926,Nearest Exit from Entrance in Maze,nearest-exit-from-entrance-in-maze,Medium
1927,Sum Game,sum-game,Medium
1928,Minimum Cost to Reach Destination in Time,minimum-cost-to-reach-destination-in-time,Hard
1929,Concatenation of Array,concatenation-of-array,Easy
1930,Unique Length-3 Palindromic Subsequences,unique-length-3-palindromic-subsequences,Medium
1931,Painting a Grid With Three Different Colors,painting-a-grid-with-three-different-colors,Hard
1932,Merge BSTs to Create Single BST,merge-bsts-to-create-single-bst,Hard
1935,Maximum Number of Words You Can Type,maximum-number-of-words-you-can-type,Easy
1936,Add Minimum Number of Rungs,add-minimum-number-of-rungs,Medium
1937,Maximum Number of Points with Cost,maximum-number-of-points-with-cost,Medium
1938,Maximum Genetic Difference Query,maximum-genetic-difference-query,Hard
1941,Check if All Characters Have Equal Number of Occurrences,check-if-all-characters-have-equal-number-of-occurrences,Easy
1942,The Number of the Smallest Unoccupied Chair,the-number-of-the-smallest-unoccupied-chair,Medium
1943,Describe the Painting,describe-the-painting,Medium
1944,Number of Visible People in a Queue,number-of-visible-people-in-a-queue,Hard
1945,Sum of Digits of String After Convert,sum-of-digits-of-string-after-convert,Easy
1946,Largest Number After Mutating Substring,largest-number-after-mutating-substring,Medium
1947,Maximum Compatibility Score Sum,maximum-compatibility-score-sum,Medium
1948,Delete Duplicate Folders in System,delete-duplicate-folders-in-system,Hard
1952,Three Divisors,three-divisors,Easy
1953,Maximum Number of Weeks for Which You Can Work,maximum-number-of-weeks-for-which-you-can-work,Medium
1954,Minimum Garden Perimeter to Collect Enough Apples,minimum-garden-perimeter-to-collect-enough-apples,Medium
1955,Count Number of Special Subsequences,count-number-of-special-subsequences,Hard
1957,Delete Characters to Make Fancy String,delete-characters-to-make-fancy-string,Easy
1958,Check if Move is Legal,check-if-move-is-legal,Medium
1959,Minimum Total Space Wasted With K Resizing Operations,minimum-total-space-wasted-with-k-resizing-operations,Medium
1960,Maximum Product of the Length of Two Palindromic Substrings,maximum-product-of-the-length-of-two-palindromic-substrings,Hard
1961,Check If String Is a Prefix of Array,check-if-string-is-a-prefix-of-array,Easy
1962,Remove Stones to Minimize the Total,remove-stones-to-minimize-the-total,Medium
1963,Minimum Number of Swaps to Make the String Balanced,minimum-number-of-swaps-to-make-the-string-balanced,Medium
1964,Find the Longest Valid Obstacle Course at Each Position,find-the-longest-valid-obstacle-course-at-each-position,Hard
1967,Number of Strings That Appear as Substrings in Word,number-of-strings-that-appear-as-substrings-in-word,Easy
1968,Array With Elements Not Equal to Average of Neighbors,array-with-elements-not-equal-to-average-of-neighbors,Medium
1969,Minimum Non-Zero Product of the Array Elements,minimum-non-zero-product-of-the-array-elements,Medium
1970,Last Day Where You Can Still Cross,last-day-where-you-can-still-cross,Hard
1971,Find if Path Exists in Graph,find-if-path-exists-in-graph,Easy
1974,Minimum Time to Type Word Using Special Typewriter,minimum-time-to-type-word-using-special-typewriter,Easy
1975,Maximum Matrix Sum,maximum-matrix-sum,Medium
1976,Number of Ways to Arrive at Destination,number-of-ways-to-arrive-at-destination,Medium
1977,Number of Ways to Separate Numbers,number-of-ways-to-separate-numbers,Hard
1979,Find Greatest Common Divisor of Array,find-greatest-common-divisor-of-array,Easy
1980,Find Unique Binary String,find-unique-binary-string,Medium
1981,Minimize the Difference Between Target and Chosen Elements,minimize-the-difference-between-target-and-chosen-elements,Medium
1982,Find Array Given Subset Sums,find-array-given-subset-sums,Hard
1984,Minimum Difference Between Highest and Lowest of K Scores,minimum-difference-between-highest-and-lowest-of-k-scores,Easy
1985,Find the Kth Largest Integer in the Array,find-the-kth-largest-integer-in-the-array,Medium
1986,Minimum Number of Work Sessions to Finish the Tasks,minimum-number-of-work-sessions-to-finish-the-tasks,Medium
1987,Number of Unique Good Subsequences,number-of-unique-good-subsequences,Hard
1991,Find the Middle Index in Array,find-the-middle-index-in-array,Easy
1992,Find All Groups of Farmland,find-all-groups-of-farmland,Medium
1993,Operations on Tree,operations-on-tree,Medium
1994,The Number of Good Subsets,the-number-of-good-subsets,Hard
1995,Count Special Quadruplets,count-special-quadruplets,Easy
1996,The Number of Weak Characters in the Game,the-number-of-weak-characters-in-the-game,Medium
1997,First Day Where You Have Been in All the Rooms,first-day-where-you-have-been-in-all-the-rooms,Medium
1998,GCD Sort of an Array,gcd-sort-of-an-array,Hard
2000,Reverse Prefix of Word,reverse-prefix-of-word,Easy
2001,Number of Pairs of Interchangeable Rectangles,number-of-pairs-of-interchangeable-rectangles,Medium
2002,Maximum Product of the Length of Two Palindromic Subsequences,maximum-product-of-the-length-of-two-palindromic-subsequences,Medium
2003,Smallest Missing Genetic Value in Each Subtree,smallest-missing-genetic-value-in-each-subtree,Hard
2006,Count Number of Pairs With Absolute Difference K,count-number-of-pairs-with-absolute-difference-k,Easy
2007,Find Original Array From Doubled Array,find-original-array-from-doubled-array,Medium
2008,Maximum Earnings From Taxi,maximum-earnings-from-taxi,Medium
2009,Minimum Number of Operations to Make Array Continuous,minimum-number-of-operations-to-make-array-continuous,Hard
2011,Final Value of Variable After Performing Operations,final-value-of-variable-after-performing-operations,Easy
2012,Sum of Beauty in the Array,sum-of-beauty-in-the-array,Medium
2013,Detect Squares,detect-squares,Medium
2014,Longest Subsequence Repeated k Times,longest-subsequence-repeated-k-times,Hard
2016,Maximum Difference Between Increasing Elements,maximum-difference-between-increasing-elements,Easy
2017,Grid Game,grid-game,Medium
2018,Check if Word Can Be Placed In Crossword,check-if-word-can-be-placed-in-crossword,Medium
2019,The Score of Students Solving Math Expression,the-score-of-students-solving-math-expression,Hard
2022,Convert 1D Array Into 2D Array,convert-1d-array-into-2d-array,Easy
2023,Number of Pairs of Strings With Concatenation Equal to Target,number-of-pairs-of-strings-with-concatenation-equal-to-target,Medium
2024,Maximize the Confusion of an Exam,maximize-the-confusion-of-an-exam,Medium
2025,Maximum Number of Ways to Partition an Array,maximum-number-of-ways-to-partition-an-array,Hard
2027,Minimum Moves to Convert String,minimum-moves-to-convert-string,Easy
2028,Find Missing Observations,find-missing-observations,Medium
2029,Stone Game IX,stone-game-ix,Medium
2030,Smallest K-Length Subsequence With Occurrences of a Letter,smallest-k-length-subsequence-with-occurrences-of-a-letter,Hard
2032,Two Out of Three,two-out-of-three,Easy
2033,Minimum Operations to Make a Uni-Value Grid,minimum-operations-to-make-a-uni-value-grid,Medium
2034,Stock Price Fluctuation ,stock-price-fluctuation,Medium
2035,Partition Array Into Two Arrays to Minimize Sum Difference,partition-array-into-two-arrays-to-minimize-sum-difference,Hard
2037,Minimum Number of Moves to Seat Everyone,minimum-number-of-moves-to-seat-everyone,Easy
2038,Remove Colored Pieces if Both Neighbors are the Same Color,remove-colored-pieces-if-both-neighbors-are-the-same-color,Medium
2039,The Time When the Network Becomes Idle,the-time-when-the-network-becomes-idle,Medium
2040,Kth Smallest Product of Two Sorted Arrays,kth-smallest-product-of-two-sorted-arrays,Hard
2042,Check if Numbers Are Ascending in a Sentence,check-if-numbers-are-ascending-in-a-sentence,Easy
2043,Simple Bank System,simple-bank-system,Medium
2044,Count Number of Maximum Bitwise-OR Subsets,count-number-of-maximum-bitwise-or-subsets,Medium
2045,Second Minimum Time to Reach Destination,second-minimum-time-to-reach-destination,Hard
2047,Number of Valid Words in a Sentence,number-of-valid-words-in-a-sentence,Easy
2048,Next Greater Numerically Balanced Number,next-greater-numerically-balanced-number,Medium
2049,Count Nodes With the Highest Score,count-nodes-with-the-highest-score,Medium
2050,Parallel Courses III,parallel-courses-iii,Hard
2053,Kth Distinct String in an Array,kth-distinct-string-in-an-array,Easy
2054,Two Best Non-Overlapping Events,two-best-non-overlapping-events,Medium
2055,Plates Between Candles,plates-between-candles,Medium
2056,Number of Valid Move Combinations On Chessboard,number-of-valid-move-combinations-on-chessboard,Hard
2057,Smallest Index With Equal Value,smallest-index-with-equal-value,Easy
2058,Find the Minimum and Maximum Number of Nodes Between Critical Points,find-the-minimum-and-maximum-number-of-nodes-between-critical-points,Medium
2059,Minimum Operations to Convert Number,minimum-operations-to-convert-number,Medium
2060,Check if an Original String Exists Given Two Encoded Strings,check-if-an-original-string-exists-given-two-encoded-strings,Hard
2062,Count Vowel Substrings of a String,count-vowel-substrings-of-a-string,Easy
2063,Vowels of All Substrings,vowels-of-all-substrings,Medium
2064,Minimized Maximum of Products Distributed to Any Store,minimized-maximum-of-products-distributed-to-any-store,Medium
2065,Maximum Path Quality of a Graph,maximum-path-quality-of-a-graph,Hard
2068,Check Whether Two Strings are Almost Equivalent,check-whether-two-strings-are-almost-equivalent,Easy
2069,Walking Robot Simulation II,walking-robot-simulation-ii,Medium
2070,Most Beautiful Item for Each Query,most-beautiful-item-for-each-query,Medium
2071,Maximum Number of Tasks You Can Assign,maximum-number-of-tasks-you-can-assign,Hard
2073,Time Needed to Buy Tickets,time-needed-to-buy-tickets,Easy
2074,Reverse Nodes in Even Length Groups,reverse-nodes-in-even-length-groups,Medium
2075,Decode the Slanted Ciphertext,decode-the-slanted-ciphertext,Medium
2076,Process Restricted Friend Requests,process-restricted-friend-requests,Hard
2078,Two Furthest Houses With Different Colors,two-furthest-houses-with-different-colors,Easy
2079,Watering Plants,watering-plants,Medium
2080,Range Frequency Queries,range-frequency-queries,Medium
2081,Sum of k-Mirror Numbers,sum-of-k-mirror-numbers,Hard
2085,Count Common Words With One Occurrence,count-common-words-with-one-occurrence,Easy
2086,Minimum Number of Food Buckets to Feed the Hamsters,minimum-number-of-food-buckets-to-feed-the-hamsters,Medium
2087,Minimum Cost Homecoming of a Robot in a Grid,minimum-cost-homecoming-of-a-robot-in-a-grid,Medium
2088,Count Fertile Pyramids in a Land,count-fertile-pyramids-in-a-land,Hard
2089,Find Target Indices After Sorting Array,find-target-indices-after-sorting-array,Easy
2090,K Radius Subarray Averages,k-radius-subarray-averages,Medium
2091,Removing Minimum and Maximum From Array,removing-minimum-and-maximum-from-array,Medium
2092,Find All People With Secret,find-all-people-with-secret,Hard
2094,Finding 3-Digit Even Numbers,finding-3-digit-even-numbers,Easy
2095,Delete the Middle Node of a Linked List,delete-the-middle-node-of-a-linked-list,Medium
2096,Step-By-Step Directions From a Binary Tree Node to Another,step-by-step-directions-from-a-binary-tree-node-to-another,Medium
2097,Valid Arrangement of Pairs,valid-arrangement-of-pairs,Hard
2099,Find Subsequence of Length K With the Largest Sum,find-subsequence-of-length-k-with-the-largest-sum,Easy
2100,Find Good Days to Rob the Bank,find-good-days-to-rob-the-bank,Medium
2101,Detonate the Maximum Bombs,detonate-the-maximum-bombs,Medium
2102,Sequentially Ordinal Rank Tracker,sequentially-ordinal-rank-tracker,Hard
2103,Rings and Rods,rings-and-rods,Easy
2104,Sum of Subarray Ranges,sum-of-subarray-ranges,Medium
2105,Watering Plants II,watering-plants-ii,Medium
2106,Maximum Fruits Harvested After at Most K Steps,maximum-fruits-harvested-after-at-most-k-steps,Hard
2108,Find First Palindromic String in the Array,find-first-palindromic-string-in-the-array,Easy
2109,Adding Spaces to a String,adding-spaces-to-a-string,Medium
2110,Number of Smooth Descent Periods of a Stock,number-of-smooth-descent-periods-of-a-stock,Medium
2111,Minimum Operations to Make the Array K-Increasing,minimum-operations-to-make-the-array-k-increasing,Hard
2114,Maximum Number of Words Found in Sentences,maximum-number-of-words-found-in-sentences,Easy
2115,Find All Possible Recipes from Given Supplies,find-all-possible-recipes-from-given-supplies,Medium
2116,Check if a Parentheses String Can Be Valid,check-if-a-parentheses-string-can-be-valid,Medium
2117,Abbreviating the Product of a Range,abbreviating-the-product-of-a-range,Hard
2119,A Number After a Double Reversal,a-number-after-a-double-reversal,Easy
2120,Execution of All Suffix Instructions Staying in a Grid,execution-of-all-suffix-instructions-staying-in-a-grid,Medium
2121,Intervals Between Identical Elements,intervals-between-identical-elements,Medium
2122,Recover the Original Array,recover-the-original-array,Hard
2124,Check if All A's Appears Before All B's,check-if-all-as-appears-before-all-bs,Easy
2125,Number of Laser Beams in a Bank,number-of-laser-beams-in-a-bank,Medium
2126,Destroying Asteroids,destroying-asteroids,Medium
2127,Maximum Employees to Be Invited to a Meeting,maximum-employees-to-be-invited-to-a-meeting,Hard
2129,Capitalize the Title,capitalize-the-title,Easy
2130,Maximum Twin Sum of a Linked List,maximum-twin-sum-of-a-linked-list,Medium
2131,Longest Palindrome by Concatenating Two Letter Words,longest-palindrome-by-concatenating-two-letter-words,Medium
2132,Stamping the Grid,stamping-the-grid,Hard
2133,Check if Every Row and Column Contains All Numbers,check-if-every-row-and-column-contains-all-numbers,Easy
2134,Minimum Swaps to Group All 1's Together II,minimum-swaps-to-group-all-1s-together-ii,Medium
2135,Count Words Obtained After Adding a Letter,count-words-obtained-after-adding-a-letter,Medium
2136,Earliest Possible Day of Full Bloom,earliest-possible-day-of-full-bloom,Hard
2138,Divide a String Into Groups of Size k,divide-a-string-into-groups-of-size-k,Easy
2139,Minimum Moves to Reach Target Score,minimum-moves-to-reach-target-score,Medium
2140,Solving Questions With Brainpower,solving-questions-with-brainpower,Medium
2141,Maximum Running Time of N Computers,maximum-running-time-of-n-computers,Hard
2144,Minimum Cost of Buying Candies With Discount,minimum-cost-of-buying-candies-with-discount,Easy
2145,Count the Hidden Sequences,count-the-hidden-sequences,Medium
2146,K Highest Ranked Items Within a Price Range,k-highest-ranked-items-within-a-price-range,Medium
2147,Number of Ways to Divide a Long Corridor,number-of-ways-to-divide-a-long-corridor,Hard
2148,Count Elements With Strictly Smaller and Greater Elements ,count-elements-with-strictly-smaller-and-greater-elements,Easy
2149,Rearrange Array Elements by Sign,rearrange-array-elements-by-sign,Medium
2150,Find All Lonely Numbers in the Array,find-all-lonely-numbers-in-the-array,Medium
2151,Maximum Good People Based on Statements,maximum-good-people-based-on-statements,Hard
2154,Keep Multiplying Found Values by Two,keep-multiplying-found-values-by-two,Easy
2155,All Divisions With the Highest Score of a Binary Array,all-divisions-with-the-highest-score-of-a-binary-array,Medium
2156,Find Substring With Given Hash Value,find-substring-with-given-hash-value,Hard
2157,Groups of Strings,groups-of-strings,Hard
2160,Minimum Sum of Four Digit Number After Splitting Digits,minimum-sum-of-four-digit-number-after-splitting-digits,Easy
2161,Partition Array According to Given Pivot,partition-array-according-to-given-pivot,Medium
2162,Minimum Cost to Set Cooking Time,minimum-cost-to-set-cooking-time,Medium
2163,Minimum Difference in Sums After Removal of Elements,minimum-difference-in-sums-after-removal-of-elements,Hard
2164,Sort Even and Odd Indices Independently,sort-even-and-odd-indices-independently,Easy
2165,Smallest Value of the Rearranged Number,smallest-value-of-the-rearranged-number,Medium
2166,Design Bitset,design-bitset,Medium
2167,Minimum Time to Remove All Cars Containing Illegal Goods,minimum-time-to-remove-all-cars-containing-illegal-goods,Hard
2169,Count Operations to Obtain Zero,count-operations-to-obtain-zero,Easy
2170,Minimum Operations to Make the Array Alternating,minimum-operations-to-make-the-array-alternating,Medium
2171,Removing Minimum Number of Magic Beans,removing-minimum-number-of-magic-beans,Medium
2172,Maximum AND Sum of Array,maximum-and-sum-of-array,Hard
2176,Count Equal and Divisible Pairs in an Array,count-equal-and-divisible-pairs-in-an-array,Easy
2177,Find Three Consecutive Integers That Sum to a Given Number,find-three-consecutive-integers-that-sum-to-a-given-number,Medium
2178,Maximum Split of Positive Even Integers,maximum-split-of-positive-even-integers,Medium
2179,Count Good Triplets in an Array,count-good-triplets-in-an-array,Hard
2180,Count Integers With Even Digit Sum,count-integers-with-even-digit-sum,Easy
2181,Merge Nodes in Between Zeros,merge-nodes-in-between-zeros,Medium
2182,Construct String With Repeat Limit,construct-string-with-repeat-limit,Medium
2183,Count Array Pairs Divisible by K,count-array-pairs-divisible-by-k,Hard
2185,Counting Words With a Given Prefix,counting-words-with-a-given-prefix,Easy
2186,Minimum Number of Steps to Make Two Strings Anagram II,minimum-number-of-steps-to-make-two-strings-anagram-ii,Medium
2187,Minimum Time to Complete Trips,minimum-time-to-complete-trips,Medium
2188,Minimum Time to Finish the Race,minimum-time-to-finish-the-race,Hard
2190,Most Frequent Number Following Key In an Array,most-frequent-number-following-key-in-an-array,Easy
2191,Sort the Jumbled Numbers,sort-the-jumbled-numbers,Medium
2192,All Ancestors of a Node in a Directed Acyclic Graph,all-ancestors-of-a-node-in-a-directed-acyclic-graph,Medium
2193,Minimum Number of Moves to Make Palindrome,minimum-number-of-moves-to-make-palindrome,Hard
2194,Cells in a Range on an Excel Sheet,cells-in-a-range-on-an-excel-sheet,Easy
2195,Append K Integers With Minimal Sum,append-k-integers-with-minimal-sum,Medium
2196,Create Binary Tree From Descriptions,create-binary-tree-from-descriptions,Medium
2197,Replace Non-Coprime Numbers in Array,replace-non-coprime-numbers-in-array,Hard
2200,Find All K-Distant Indices in an Array,find-all-k-distant-indices-in-an-array,Easy
2201,Count Artifacts That Can Be Extracted,count-artifacts-that-can-be-extracted,Medium
2202,Maximize the Topmost Element After K Moves,maximize-the-topmost-element-after-k-moves,Medium
2203,Minimum Weighted Subgraph With the Required Paths,minimum-weighted-subgraph-with-the-required-paths,Hard
2206,Divide Array Into Equal Pairs,divide-array-into-equal-pairs,Easy
2207,Maximize Number of Subsequences in a String,maximize-number-of-subsequences-in-a-string,Medium
2208,Minimum Operations to Halve Array Sum,minimum-operations-to-halve-array-sum,Medium
2209,Minimum White Tiles After Covering With Carpets,minimum-white-tiles-after-covering-with-carpets,Hard
2210,Count Hills and Valleys in an Array,count-hills-and-valleys-in-an-array,Easy
2211,Count Collisions on a Road,count-collisions-on-a-road,Medium
2212,Maximum Points in an Archery Competition,maximum-points-in-an-archery-competition,Medium
2213,Longest Substring of One Repeating Character,longest-substring-of-one-repeating-character,Hard
2215,Find the Difference of Two Arrays,find-the-difference-of-two-arrays,Easy
2216,Minimum Deletions to Make Array Beautiful,minimum-deletions-to-make-array-beautiful,Medium
2217,Find Palindrome With Fixed Length,find-palindrome-with-fixed-length,Medium
2218,Maximum Value of K Coins From Piles,maximum-value-of-k-coins-from-piles,Hard
2220,Minimum Bit Flips to Convert Number,minimum-bit-flips-to-convert-number,Easy
2221,Find Triangular Sum of an Array,find-triangular-sum-of-an-array,Medium
2222,Number of Ways to Select Buildings,number-of-ways-to-select-buildings,Medium
2223,Sum of Scores of Built Strings,sum-of-scores-of-built-strings,Hard
2224,Minimum Number of Operations to Convert Time,minimum-number-of-operations-to-convert-time,Easy
2225,Find Players With Zero or One Losses,find-players-with-zero-or-one-losses,Medium
2226,Maximum Candies Allocated to K Children,maximum-candies-allocated-to-k-children,Medium
2227,Encrypt and Decrypt Strings,encrypt-and-decrypt-strings,Hard
2231,Largest Number After Digit Swaps by Parity,largest-number-after-digit-swaps-by-parity,Easy
2232,Minimize Result by Adding Parentheses to Expression,minimize-result-by-adding-parentheses-to-expression,Medium
2233,Maximum Product After K Increments,maximum-product-after-k-increments,Medium
2234,Maximum Total Beauty of the Gardens,maximum-total-beauty-of-the-gardens,Hard
2235,Add Two Integers,add-two-integers,Easy
2236,Root Equals Sum of Children,root-equals-sum-of-children,Easy
2239,Find Closest Number to Zero,find-closest-number-to-zero,Easy
2240,Number of Ways to Buy Pens and Pencils,number-of-ways-to-buy-pens-and-pencils,Medium
2241,Design an ATM Machine,design-an-atm-machine,Medium
2242,Maximum Score of a Node Sequence,maximum-score-of-a-node-sequence,Hard
2243,Calculate Digit Sum of a String,calculate-digit-sum-of-a-string,Easy
2244,Minimum Rounds to Complete All Tasks,minimum-rounds-to-complete-all-tasks,Medium
2245,Maximum Trailing Zeros in a Cornered Path,maximum-trailing-zeros-in-a-cornered-path,Medium
2246,Longest Path With Different Adjacent Characters,longest-path-with-different-adjacent-characters,Hard
2248,Intersection of Multiple Arrays,intersection-of-multiple-arrays,Easy
2249,Count Lattice Points Inside a Circle,count-lattice-points-inside-a-circle,Medium
2250,Count Number of Rectangles Containing Each Point,count-number-of-rectangles-containing-each-point,Medium
2251,Number of Flowers in Full Bloom,number-of-flowers-in-full-bloom,Hard
2255,Count Prefixes of a Given String,count-prefixes-of-a-given-string,Easy
2256,Minimum Average Difference,minimum-average-difference,Medium
2257,Count Unguarded Cells in the Grid,count-unguarded-cells-in-the-grid,Medium
2258,Escape the Spreading Fire,escape-the-spreading-fire,Hard
2259,Remove Digit From Number to Maximize Result,remove-digit-from-number-to-maximize-result,Easy
2260,Minimum Consecutive Cards to Pick Up,minimum-consecutive-cards-to-pick-up,Medium
2261,K Divisible Elements Subarrays,k-divisible-elements-subarrays,Medium
2262,Total Appeal of A String,total-appeal-of-a-string,Hard
2264,Largest 3-Same-Digit Number in String,largest-3-same-digit-number-in-string,Easy
2265,Count Nodes Equal to Average of Subtree,count-nodes-equal-to-average-of-subtree,Medium
2266,Count Number of Texts,count-number-of-texts,Medium
2267, Check if There Is a Valid Parentheses String Path,check-if-there-is-a-valid-parentheses-string-path,Hard
2269,Find the K-Beauty of a Number,find-the-k-beauty-of-a-number,Easy
2270,Number of Ways to Split Array,number-of-ways-to-split-array,Medium
2271,Maximum White Tiles Covered by a Carpet,maximum-white-tiles-covered-by-a-carpet,Medium
2272,Substring With Largest Variance,substring-with-largest-variance,Hard
2273,Find Resultant Array After Removing Anagrams,find-resultant-array-after-removing-anagrams,Easy
2274,Maximum Consecutive Floors Without Special Floors,maximum-consecutive-floors-without-special-floors,Medium
2275,Largest Combination With Bitwise AND Greater Than Zero,largest-combination-with-bitwise-and-greater-than-zero,Medium
2276,Count Integers in Intervals,count-integers-in-intervals,Hard
2278,Percentage of Letter in String,percentage-of-letter-in-string,Easy
2279,Maximum Bags With Full Capacity of Rocks,maximum-bags-with-full-capacity-of-rocks,Medium
2280,Minimum Lines to Represent a Line Chart,minimum-lines-to-represent-a-line-chart,Medium
2281,Sum of Total Strength of Wizards,sum-of-total-strength-of-wizards,Hard
2283,Check if Number Has Equal Digit Count and Digit Value,check-if-number-has-equal-digit-count-and-digit-value,Easy
2284,Sender With Largest Word Count,sender-with-largest-word-count,Medium
2285,Maximum Total Importance of Roads,maximum-total-importance-of-roads,Medium
2286,Booking Concert Tickets in Groups,booking-concert-tickets-in-groups,Hard
2287,Rearrange Characters to Make Target String,rearrange-characters-to-make-target-string,Easy
2288,Apply Discount to Prices,apply-discount-to-prices,Medium
2289,Steps to Make Array Non-decreasing,steps-to-make-array-non-decreasing,Medium
2290,Minimum Obstacle Removal to Reach Corner,minimum-obstacle-removal-to-reach-corner,Hard
2293,Min Max Game,min-max-game,Easy
2294,Partition Array Such That Maximum Difference Is K,partition-array-such-that-maximum-difference-is-k,Medium
2295,Replace Elements in an Array,replace-elements-in-an-array,Medium
2296,Design a Text Editor,design-a-text-editor,Hard
2299,Strong Password Checker II,strong-password-checker-ii,Easy
2300,Successful Pairs of Spells and Potions,successful-pairs-of-spells-and-potions,Medium
2301,Match Substring After Replacement,match-substring-after-replacement,Hard
2302,Count Subarrays With Score Less Than K,count-subarrays-with-score-less-than-k,Hard
2303,Calculate Amount Paid in Taxes,calculate-amount-paid-in-taxes,Easy
2304,Minimum Path Cost in a Grid,minimum-path-cost-in-a-grid,Medium
2305,Fair Distribution of Cookies,fair-distribution-of-cookies,Medium
2306,Naming a Company,naming-a-company,Hard
2309,Greatest English Letter in Upper and Lower Case,greatest-english-letter-in-upper-and-lower-case,Easy
2310,Sum of Numbers With Units Digit K,sum-of-numbers-with-units-digit-k,Medium
2311,Longest Binary Subsequence Less Than or Equal to K,longest-binary-subsequence-less-than-or-equal-to-k,Medium
2312,Selling Pieces of Wood,selling-pieces-of-wood,Hard
2315,Count Asterisks,count-asterisks,Easy
2316,Count Unreachable Pairs of Nodes in an Undirected Graph,count-unreachable-pairs-of-nodes-in-an-undirected-graph,Medium
2317,Maximum XOR After Operations ,maximum-xor-after-operations,Medium
2318,Number of Distinct Roll Sequences,number-of-distinct-roll-sequences,Hard
2319,Check if Matrix Is X-Matrix,check-if-matrix-is-x-matrix,Easy
2320,Count Number of Ways to Place Houses,count-number-of-ways-to-place-houses,Medium
2321,Maximum Score Of Spliced Array,maximum-score-of-spliced-array,Hard
2322,Minimum Score After Removals on a Tree,minimum-score-after-removals-on-a-tree,Hard
2325,Decode the Message,decode-the-message,Easy
2326,Spiral Matrix IV,spiral-matrix-iv,Medium
2327,Number of People Aware of a Secret,number-of-people-aware-of-a-secret,Medium
2328,Number of Increasing Paths in a Grid,number-of-increasing-paths-in-a-grid,Hard
2331,Evaluate Boolean Binary Tree,evaluate-boolean-binary-tree,Easy
2332,The Latest Time to Catch a Bus,the-latest-time-to-catch-a-bus,Medium
2333,Minimum Sum of Squared Difference,minimum-sum-of-squared-difference,Medium
2334,Subarray With Elements Greater Than Varying Threshold,subarray-with-elements-greater-than-varying-threshold,Hard
2335,Minimum Amount of Time to Fill Cups,minimum-amount-of-time-to-fill-cups,Easy
2336,Smallest Number in Infinite Set,smallest-number-in-infinite-set,Medium
2337,Move Pieces to Obtain a String,move-pieces-to-obtain-a-string,Medium
2338,Count the Number of Ideal Arrays,count-the-number-of-ideal-arrays,Hard
2341,Maximum Number of Pairs in Array,maximum-number-of-pairs-in-array,Easy
2342,Max Sum of a Pair With Equal Sum of Digits,max-sum-of-a-pair-with-equal-sum-of-digits,Medium
2343,Query Kth Smallest Trimmed Number,query-kth-smallest-trimmed-number,Medium
2344,Minimum Deletions to Make Array Divisible,minimum-deletions-to-make-array-divisible,Hard
2347,Best Poker Hand,best-poker-hand,Easy
2348,Number of Zero-Filled Subarrays,number-of-zero-filled-subarrays,Medium
2349,Design a Number Container System,design-a-number-container-system,Medium
2350,Shortest Impossible Sequence of Rolls,shortest-impossible-sequence-of-rolls,Hard
2351,First Letter to Appear Twice,first-letter-to-appear-twice,Easy
2352,Equal Row and Column Pairs,equal-row-and-column-pairs,Medium
2353,Design a Food Rating System,design-a-food-rating-system,Medium
2354,Number of Excellent Pairs,number-of-excellent-pairs,Hard
2357,Make Array Zero by Subtracting Equal Amounts,make-array-zero-by-subtracting-equal-amounts,Easy
2358,Maximum Number of Groups Entering a Competition,maximum-number-of-groups-entering-a-competition,Medium
2359,Find Closest Node to Given Two Nodes,find-closest-node-to-given-two-nodes,Medium
2360,Longest Cycle in a Graph,longest-cycle-in-a-graph,Hard
2363,Merge Similar Items,merge-similar-items,Easy
2364,Count Number of Bad Pairs,count-number-of-bad-pairs,Medium
2365,Task Scheduler II,task-scheduler-ii,Medium
2366,Minimum Replacements to Sort the Array,minimum-replacements-to-sort-the-array,Hard
2367,Number of Arithmetic Triplets,number-of-arithmetic-triplets,Easy
2368,Reachable Nodes With Restrictions,reachable-nodes-with-restrictions,Medium
2369,Check if There is a Valid Partition For The Array,check-if-there-is-a-valid-partition-for-the-array,Medium
2370,Longest Ideal Subsequence,longest-ideal-subsequence,Medium
2373,Largest Local Values in a Matrix,largest-local-values-in-a-matrix,Easy
2374,Node With Highest Edge Score,node-with-highest-edge-score,Medium
2375,Construct Smallest Number From DI String,construct-smallest-number-from-di-string,Medium
2376,Count Special Integers,count-special-integers,Hard
2379,Minimum Recolors to Get K Consecutive Black Blocks,minimum-recolors-to-get-k-consecutive-black-blocks,Easy
2380,Time Needed to Rearrange a Binary String,time-needed-to-rearrange-a-binary-string,Medium
2381,Shifting Letters II,shifting-letters-ii,Medium
2382,Maximum Segment Sum After Removals,maximum-segment-sum-after-removals,Hard
2383,Minimum Hours of Training to Win a Competition,minimum-hours-of-training-to-win-a-competition,Easy
2384,Largest Palindromic Number,largest-palindromic-number,Medium
2385,Amount of Time for Binary Tree to Be Infected,amount-of-time-for-binary-tree-to-be-infected,Medium
2386,Find the K-Sum of an Array,find-the-k-sum-of-an-array,Hard
2389,Longest Subsequence With Limited Sum,longest-subsequence-with-limited-sum,Easy
2390,Removing Stars From a String,removing-stars-from-a-string,Medium
2391,Minimum Amount of Time to Collect Garbage,minimum-amount-of-time-to-collect-garbage,Medium
2392,Build a Matrix With Conditions,build-a-matrix-with-conditions,Hard
2395,Find Subarrays With Equal Sum,find-subarrays-with-equal-sum,Easy
2396,Strictly Palindromic Number,strictly-palindromic-number,Medium
2397,Maximum Rows Covered by Columns,maximum-rows-covered-by-columns,Medium
2398,Maximum Number of Robots Within Budget,maximum-number-of-robots-within-budget,Hard
2399,Check Distances Between Same Letters,check-distances-between-same-letters,Easy
2400,Number of Ways to Reach a Position After Exactly k Steps,number-of-ways-to-reach-a-position-after-exactly-k-steps,Medium
2401,Longest Nice Subarray,longest-nice-subarray,Medium
2402,Meeting Rooms III,meeting-rooms-iii,Hard
2404,Most Frequent Even Element,most-frequent-even-element,Easy
2405,Optimal Partition of String,optimal-partition-of-string,Medium
2406,Divide Intervals Into Minimum Number of Groups,divide-intervals-into-minimum-number-of-groups,Medium
2407,Longest Increasing Subsequence II,longest-increasing-subsequence-ii,Hard
2408,Design SQL,design-sql,Medium
2409,Count Days Spent Together,count-days-spent-together,Easy
2410,Maximum Matching of Players With Trainers,maximum-matching-of-players-with-trainers,Medium
2411,Smallest Subarrays With Maximum Bitwise OR,smallest-subarrays-with-maximum-bitwise-or,Medium
2412,Minimum Money Required Before Transactions,minimum-money-required-before-transactions,Hard
2413,Smallest Even Multiple,smallest-even-multiple,Easy
2414,Length of the Longest Alphabetical Continuous Substring,length-of-the-longest-alphabetical-continuous-substring,Medium
2415,Reverse Odd Levels of Binary Tree,reverse-odd-levels-of-binary-tree,Medium
2416,Sum of Prefix Scores of Strings,sum-of-prefix-scores-of-strings,Hard
2418,Sort the People,sort-the-people,Easy
2419,Longest Subarray With Maximum Bitwise AND,longest-subarray-with-maximum-bitwise-and,Medium
2420,Find All Good Indices,find-all-good-indices,Medium
2421,Number of Good Paths,number-of-good-paths,Hard
2423,Remove Letter To Equalize Frequency,remove-letter-to-equalize-frequency,Easy
2424,Longest Uploaded Prefix,longest-uploaded-prefix,Medium
2425,Bitwise XOR of All Pairings,bitwise-xor-of-all-pairings,Medium
2426,Number of Pairs Satisfying Inequality,number-of-pairs-satisfying-inequality,Hard
2427,Number of Common Factors,number-of-common-factors,Easy
2428,Maximum Sum of an Hourglass,maximum-sum-of-an-hourglass,Medium
2429,Minimize XOR,minimize-xor,Medium
2430,Maximum Deletions on a String,maximum-deletions-on-a-string,Hard
2432,The Employee That Worked on the Longest Task,the-employee-that-worked-on-the-longest-task,Easy
2433,Find The Original Array of Prefix Xor,find-the-original-array-of-prefix-xor,Medium
2434,Using a Robot to Print the Lexicographically Smallest String,using-a-robot-to-print-the-lexicographically-smallest-string,Medium
2435,Paths in Matrix Whose Sum Is Divisible by K,paths-in-matrix-whose-sum-is-divisible-by-k,Hard
2437,Number of Valid Clock Times,number-of-valid-clock-times,Easy
2438,Range Product Queries of Powers,range-product-queries-of-powers,Medium
2439,Minimize Maximum of Array,minimize-maximum-of-array,Medium
2440,Create Components With Same Value,create-components-with-same-value,Hard
2441,Largest Positive Integer That Exists With Its Negative,largest-positive-integer-that-exists-with-its-negative,Easy
2442,Count Number of Distinct Integers After Reverse Operations,count-number-of-distinct-integers-after-reverse-operations,Medium
2443,Sum of Number and Its Reverse,sum-of-number-and-its-reverse,Medium
2444,Count Subarrays With Fixed Bounds,count-subarrays-with-fixed-bounds,Hard
2446,Determine if Two Events Have Conflict,determine-if-two-events-have-conflict,Easy
2447,Number of Subarrays With GCD Equal to K,number-of-subarrays-with-gcd-equal-to-k,Medium
2448,Minimum Cost to Make Array Equal,minimum-cost-to-make-array-equal,Hard
2449,Minimum Number of Operations to Make Arrays Similar,minimum-number-of-operations-to-make-arrays-similar,Hard
2451,Odd String Difference,odd-string-difference,Easy
2452,Words Within Two Edits of Dictionary,words-within-two-edits-of-dictionary,Medium
2453,Destroy Sequential Targets,destroy-sequential-targets,Medium
2454,Next Greater Element IV,next-greater-element-iv,Hard
2455,Average Value of Even Numbers That Are Divisible by Three,average-value-of-even-numbers-that-are-divisible-by-three,Easy
2456,Most Popular Video Creator,most-popular-video-creator,Medium
2457,Minimum Addition to Make Integer Beautiful,minimum-addition-to-make-integer-beautiful,Medium
2458,Height of Binary Tree After Subtree Removal Queries,height-of-binary-tree-after-subtree-removal-queries,Hard
2460,Apply Operations to an Array,apply-operations-to-an-array,Easy
2461,Maximum Sum of Distinct Subarrays With Length K,maximum-sum-of-distinct-subarrays-with-length-k,Medium
2462,Total Cost to Hire K Workers,total-cost-to-hire-k-workers,Medium
2463,Minimum Total Distance Traveled,minimum-total-distance-traveled,Hard
2465,Number of Distinct Averages,number-of-distinct-averages,Easy
2466,Count Ways To Build Good Strings,count-ways-to-build-good-strings,Medium
2467,Most Profitable Path in a Tree,most-profitable-path-in-a-tree,Medium
2468,Split Message Based on Limit,split-message-based-on-limit,Hard
2469,Convert the Temperature,convert-the-temperature,Easy
2470,Number of Subarrays With LCM Equal to K,number-of-subarrays-with-lcm-equal-to-k,Medium
2471,Minimum Number of Operations to Sort a Binary Tree by Level,minimum-number-of-operations-to-sort-a-binary-tree-by-level,Medium
2472,Maximum Number of Non-overlapping Palindrome Substrings,maximum-number-of-non-overlapping-palindrome-substrings,Hard
2475,Number of Unequal Triplets in Array,number-of-unequal-triplets-in-array,Easy
2476,Closest Nodes Queries in a Binary Search Tree,closest-nodes-queries-in-a-binary-search-tree,Medium
2477,Minimum Fuel Cost to Report to the Capital,minimum-fuel-cost-to-report-to-the-capital,Medium
2478,Number of Beautiful Partitions,number-of-beautiful-partitions,Hard
2481,Minimum Cuts to Divide a Circle,minimum-cuts-to-divide-a-circle,Easy
2482,Difference Between Ones and Zeros in Row and Column,difference-between-ones-and-zeros-in-row-and-column,Medium
2483,Minimum Penalty for a Shop,minimum-penalty-for-a-shop,Medium
2484,Count Palindromic Subsequences,count-palindromic-subsequences,Hard
2485,Find the Pivot Integer,find-the-pivot-integer,Easy
2486,Append Characters to String to Make Subsequence,append-characters-to-string-to-make-subsequence,Medium
2487,Remove Nodes From Linked List,remove-nodes-from-linked-list,Medium
2488,Count Subarrays With Median K,count-subarrays-with-median-k,Hard
2490,Circular Sentence,circular-sentence,Easy
2491,Divide Players Into Teams of Equal Skill,divide-players-into-teams-of-equal-skill,Medium
2492,Minimum Score of a Path Between Two Cities,minimum-score-of-a-path-between-two-cities,Medium
2493,Divide Nodes Into the Maximum Number of Groups,divide-nodes-into-the-maximum-number-of-groups,Hard
2496,Maximum Value of a String in an Array,maximum-value-of-a-string-in-an-array,Easy
2497,Maximum Star Sum of a Graph,maximum-star-sum-of-a-graph,Medium
2498,Frog Jump II,frog-jump-ii,Medium
2499,Minimum Total Cost to Make Arrays Unequal,minimum-total-cost-to-make-arrays-unequal,Hard
2500,Delete Greatest Value in Each Row,delete-greatest-value-in-each-row,Easy
2501,Longest Square Streak in an Array,longest-square-streak-in-an-array,Medium
2502,Design Memory Allocator,design-memory-allocator,Medium
2503,Maximum Number of Points From Grid Queries,maximum-number-of-points-from-grid-queries,Hard
2506,Count Pairs Of Similar Strings,count-pairs-of-similar-strings,Easy
2507,Smallest Value After Replacing With Sum of Prime Factors,smallest-value-after-replacing-with-sum-of-prime-factors,Medium
2508,Add Edges to Make Degrees of All Nodes Even,add-edges-to-make-degrees-of-all-nodes-even,Hard
2509,Cycle Length Queries in a Tree,cycle-length-queries-in-a-tree,Hard
2511,Maximum Enemy Forts That Can Be Captured,maximum-enemy-forts-that-can-be-captured,Easy
2512,Reward Top K Students,reward-top-k-students,Medium
2513,Minimize the Maximum of Two Arrays,minimize-the-maximum-of-two-arrays,Medium
2514,Count Anagrams,count-anagrams,Hard
2515,Shortest Distance to Target String in a Circular Array,shortest-distance-to-target-string-in-a-circular-array,Easy
2516,Take K of Each Character From Left and Right,take-k-of-each-character-from-left-and-right,Medium
2517,Maximum Tastiness of Candy Basket,maximum-tastiness-of-candy-basket,Medium
2518,Number of Great Partitions,number-of-great-partitions,Hard
2520,Count the Digits That Divide a Number,count-the-digits-that-divide-a-number,Easy
2521,Distinct Prime Factors of Product of Array,distinct-prime-factors-of-product-of-array,Medium
2522,Partition String Into Substrings With Values at Most K,partition-string-into-substrings-with-values-at-most-k,Medium
2523,Closest Prime Numbers in Range,closest-prime-numbers-in-range,Medium
2525,Categorize Box According to Criteria,categorize-box-according-to-criteria,Easy
2526,Find Consecutive Integers from a Data Stream,find-consecutive-integers-from-a-data-stream,Medium
2527,Find Xor-Beauty of Array,find-xor-beauty-of-array,Medium
2528,Maximize the Minimum Powered City,maximize-the-minimum-powered-city,Hard
2529,Maximum Count of Positive Integer and Negative Integer,maximum-count-of-positive-integer-and-negative-integer,Easy
2530,Maximal Score After Applying K Operations,maximal-score-after-applying-k-operations,Medium
2531,Make Number of Distinct Characters Equal,make-number-of-distinct-characters-equal,Medium
2532,Time to Cross a Bridge,time-to-cross-a-bridge,Hard
2535,Difference Between Element Sum and Digit Sum of an Array,difference-between-element-sum-and-digit-sum-of-an-array,Easy
2536,Increment Submatrices by One,increment-submatrices-by-one,Medium
2537,Count the Number of Good Subarrays,count-the-number-of-good-subarrays,Medium
2538,Difference Between Maximum and Minimum Price Sum,difference-between-maximum-and-minimum-price-sum,Hard
2540,Minimum Common Value,minimum-common-value,Easy
2541,Minimum Operations to Make Array Equal II,minimum-operations-to-make-array-equal-ii,Medium
2542,Maximum Subsequence Score,maximum-subsequence-score,Medium
2543,Check if Point Is Reachable,check-if-point-is-reachable,Hard
2544,Alternating Digit Sum,alternating-digit-sum,Easy
2545,Sort the Students by Their Kth Score,sort-the-students-by-their-kth-score,Medium
2546,Apply Bitwise Operations to Make Strings Equal,apply-bitwise-operations-to-make-strings-equal,Medium
2547,Minimum Cost to Split an Array,minimum-cost-to-split-an-array,Hard
2549,Count Distinct Numbers on Board,count-distinct-numbers-on-board,Easy
2550,Count Collisions of Monkeys on a Polygon,count-collisions-of-monkeys-on-a-polygon,Medium
2551,Put Marbles in Bags,put-marbles-in-bags,Hard
2552,Count Increasing Quadruplets,count-increasing-quadruplets,Hard
2553,Separate the Digits in an Array,separate-the-digits-in-an-array,Easy
2554,Maximum Number of Integers to Choose From a Range I,maximum-number-of-integers-to-choose-from-a-range-i,Medium
2555,Maximize Win From Two Segments,maximize-win-from-two-segments,Medium
2556,Disconnect Path in a Binary Matrix by at Most One Flip,disconnect-path-in-a-binary-matrix-by-at-most-one-flip,Medium
2558,Take Gifts From the Richest Pile,take-gifts-from-the-richest-pile,Easy
2559,Count Vowel Strings in Ranges,count-vowel-strings-in-ranges,Medium
2560,House Robber IV,house-robber-iv,Medium
2561,Rearranging Fruits,rearranging-fruits,Hard
2562,Find the Array Concatenation Value,find-the-array-concatenation-value,Easy
2563,Count the Number of Fair Pairs,count-the-number-of-fair-pairs,Medium
2564,Substring XOR Queries,substring-xor-queries,Medium
2565,Subsequence With the Minimum Score,subsequence-with-the-minimum-score,Hard
2566,Maximum Difference by Remapping a Digit,maximum-difference-by-remapping-a-digit,Easy
2567,Minimum Score by Changing Two Elements,minimum-score-by-changing-two-elements,Medium
2568,Minimum Impossible OR,minimum-impossible-or,Medium
2569,Handling Sum Queries After Update,handling-sum-queries-after-update,Hard
2570,Merge Two 2D Arrays by Summing Values,merge-two-2d-arrays-by-summing-values,Easy
2571,Minimum Operations to Reduce an Integer to 0,minimum-operations-to-reduce-an-integer-to-0,Medium
2572,Count the Number of Square-Free Subsets,count-the-number-of-square-free-subsets,Medium
2573,Find the String with LCP,find-the-string-with-lcp,Hard
2574,Left and Right Sum Differences,left-and-right-sum-differences,Easy
2575,Find the Divisibility Array of a String,find-the-divisibility-array-of-a-string,Medium
2576,Find the Maximum Number of Marked Indices,find-the-maximum-number-of-marked-indices,Medium
2577,Minimum Time to Visit a Cell In a Grid,minimum-time-to-visit-a-cell-in-a-grid,Hard
2578,Split With Minimum Sum,split-with-minimum-sum,Easy
2579,Count Total Number of Colored Cells,count-total-number-of-colored-cells,Medium
2580,Count Ways to Group Overlapping Ranges,count-ways-to-group-overlapping-ranges,Medium
2581,Count Number of Possible Root Nodes,count-number-of-possible-root-nodes,Hard
2582,Pass the Pillow,pass-the-pillow,Easy
2583,Kth Largest Sum in a Binary Tree,kth-largest-sum-in-a-binary-tree,Medium
2584,Split the Array to Make Coprime Products,split-the-array-to-make-coprime-products,Hard
2585,Number of Ways to Earn Points,number-of-ways-to-earn-points,Hard
2586,Count the Number of Vowel Strings in Range,count-the-number-of-vowel-strings-in-range,Easy
2587,Rearrange Array to Maximize Prefix Score,rearrange-array-to-maximize-prefix-score,Medium
2588,Count the Number of Beautiful Subarrays,count-the-number-of-beautiful-subarrays,Medium
2589,Minimum Time to Complete All Tasks,minimum-time-to-complete-all-tasks,Hard
2591,Distribute Money to Maximum Children,distribute-money-to-maximum-children,Easy
2592,Maximize Greatness of an Array,maximize-greatness-of-an-array,Medium
2593,Find Score of an Array After Marking All Elements,find-score-of-an-array-after-marking-all-elements,Medium
2594,Minimum Time to Repair Cars,minimum-time-to-repair-cars,Medium
2595,Number of Even and Odd Bits,number-of-even-and-odd-bits,Easy
2596,Check Knight Tour Configuration,check-knight-tour-configuration,Medium
2597,The Number of Beautiful Subsets,the-number-of-beautiful-subsets,Medium
2598,Smallest Missing Non-negative Integer After Operations,smallest-missing-non-negative-integer-after-operations,Medium
2600,K Items With the Maximum Sum,k-items-with-the-maximum-sum,Easy
2601,Prime Subtraction Operation,prime-subtraction-operation,Medium
2602,Minimum Operations to Make All Array Elements Equal,minimum-operations-to-make-all-array-elements-equal,Medium
2603,Collect Coins in a Tree,collect-coins-in-a-tree,Hard
2605,Form Smallest Number From Two Digit Arrays,form-smallest-number-from-two-digit-arrays,Easy
2606,Find the Substring With Maximum Cost,find-the-substring-with-maximum-cost,Medium
2607,Make K-Subarray Sums Equal,make-k-subarray-sums-equal,Medium
2608,Shortest Cycle in a Graph,shortest-cycle-in-a-graph,Hard
2609,Find the Longest Balanced Substring of a Binary String,find-the-longest-balanced-substring-of-a-binary-string,Easy
2610,Convert an Array Into a 2D Array With Conditions,convert-an-array-into-a-2d-array-with-conditions,Medium
2611,Mice and Cheese,mice-and-cheese,Medium
2612,Minimum Reverse Operations,minimum-reverse-operations,Hard
2614,Prime In Diagonal,prime-in-diagonal,Easy
2615,Sum of Distances,sum-of-distances,Medium
2616,Minimize the Maximum Difference of Pairs,minimize-the-maximum-difference-of-pairs,Medium
2617,Minimum Number of Visited Cells in a Grid,minimum-number-of-visited-cells-in-a-grid,Hard
2639,Find the Width of Columns of a Grid,find-the-width-of-columns-of-a-grid,Easy
2640,Find the Score of All Prefixes of an Array,find-the-score-of-all-prefixes-of-an-array,Medium
2641,Cousins in Binary Tree II,cousins-in-binary-tree-ii,Medium
2642,Design Graph With Shortest Path Calculator,design-graph-with-shortest-path-calculator,Hard
2643,Row With Maximum Ones,row-with-maximum-ones,Easy
2644,Find the Maximum Divisibility Score,find-the-maximum-divisibility-score,Easy
2645,Minimum Additions to Make Valid String,minimum-additions-to-make-valid-string,Medium
2646,Minimize the Total Price of the Trips,minimize-the-total-price-of-the-trips,Hard
2651,Calculate Delayed Arrival Time,calculate-delayed-arrival-time,Easy
2652,Sum Multiples,sum-multiples,Easy
2653,Sliding Subarray Beauty,sliding-subarray-beauty,Medium
2654,Minimum Number of Operations to Make All Array Elements Equal to 1,minimum-number-of-operations-to-make-all-array-elements-equal-to-1,Medium
2656,Maximum Sum With Exactly K Elements ,maximum-sum-with-exactly-k-elements,Easy
2657,Find the Prefix Common Array of Two Arrays,find-the-prefix-common-array-of-two-arrays,Medium
2658,Maximum Number of Fish in a Grid,maximum-number-of-fish-in-a-grid,Medium
2659,Make Array Empty,make-array-empty,Hard
2660,Determine the Winner of a Bowling Game,determine-the-winner-of-a-bowling-game,Easy
2661,First Completely Painted Row or Column,first-completely-painted-row-or-column,Medium
2662,Minimum Cost of a Path With Special Roads,minimum-cost-of-a-path-with-special-roads,Medium
2663,Lexicographically Smallest Beautiful String,lexicographically-smallest-beautiful-string,Hard
2670,Find the Distinct Difference Array,find-the-distinct-difference-array,Easy
2671,Frequency Tracker,frequency-tracker,Medium
2672,Number of Adjacent Elements With the Same Color,number-of-adjacent-elements-with-the-same-color,Medium
2673,Make Costs of Paths Equal in a Binary Tree,make-costs-of-paths-equal-in-a-binary-tree,Medium
2678,Number of Senior Citizens,number-of-senior-citizens,Easy
2679,Sum in a Matrix,sum-in-a-matrix,Medium
2680,Maximum OR,maximum-or,Medium
2681,Power of Heroes,power-of-heroes,Hard
2682,Find the Losers of the Circular Game,find-the-losers-of-the-circular-game,Easy
2683,Neighboring Bitwise XOR,neighboring-bitwise-xor,Medium
2684,Maximum Number of Moves in a Grid,maximum-number-of-moves-in-a-grid,Medium
2685,Count the Number of Complete Components,count-the-number-of-complete-components,Medium
2696,Minimum String Length After Removing Substrings,minimum-string-length-after-removing-substrings,Easy
2697,Lexicographically Smallest Palindrome,lexicographically-smallest-palindrome,Easy
2698,Find the Punishment Number of an Integer,find-the-punishment-number-of-an-integer,Medium
2699,Modify Graph Edge Weights,modify-graph-edge-weights,Hard
2706,Buy Two Chocolates,buy-two-chocolates,Easy
2707,Extra Characters in a String,extra-characters-in-a-string,Medium
2708,Maximum Strength of a Group,maximum-strength-of-a-group,Medium
2709,Greatest Common Divisor Traversal,greatest-common-divisor-traversal,Hard
2710,Remove Trailing Zeros From a String,remove-trailing-zeros-from-a-string,Easy
2711,Difference of Number of Distinct Values on Diagonals,difference-of-number-of-distinct-values-on-diagonals,Medium
2712,Minimum Cost to Make All Characters Equal,minimum-cost-to-make-all-characters-equal,Medium
2713,Maximum Strictly Increasing Cells in a Matrix,maximum-strictly-increasing-cells-in-a-matrix,Hard
2716,Minimize String Length,minimize-string-length,Easy
2717,Semi-Ordered Permutation,semi-ordered-permutation,Easy
2718,Sum of Matrix After Queries,sum-of-matrix-after-queries,Medium
2719,Count of Integers,count-of-integers,Hard
2729,Check if The Number is Fascinating,check-if-the-number-is-fascinating,Easy
2730,Find the Longest Semi-Repetitive Substring,find-the-longest-semi-repetitive-substring,Medium
2731,Movement of Robots,movement-of-robots,Medium
2732,Find a Good Subset of the Matrix,find-a-good-subset-of-the-matrix,Hard
2733,Neither Minimum nor Maximum,neither-minimum-nor-maximum,Easy
2734,Lexicographically Smallest String After Substring Operation,lexicographically-smallest-string-after-substring-operation,Medium
2735,Collecting Chocolates,collecting-chocolates,Medium
2736,Maximum Sum Queries,maximum-sum-queries,Hard
2739,Total Distance Traveled,total-distance-traveled,Easy
2740,Find the Value of the Partition,find-the-value-of-the-partition,Medium
2741,Special Permutations,special-permutations,Medium
2742,Painting the Walls,painting-the-walls,Hard
2744,Find Maximum Number of String Pairs,find-maximum-number-of-string-pairs,Easy
2745,Construct the Longest New String,construct-the-longest-new-string,Medium
2746,Decremental String Concatenation,decremental-string-concatenation,Medium
2747,Count Zero Request Servers,count-zero-request-servers,Medium
2748,Number of Beautiful Pairs,number-of-beautiful-pairs,Easy
2749,Minimum Operations to Make the Integer Zero,minimum-operations-to-make-the-integer-zero,Medium
2750,Ways to Split Array Into Good Subarrays,ways-to-split-array-into-good-subarrays,Medium
2751,Robot Collisions,robot-collisions,Hard
2760,Longest Even Odd Subarray With Threshold,longest-even-odd-subarray-with-threshold,Easy
2761,Prime Pairs With Target Sum,prime-pairs-with-target-sum,Medium
2762,Continuous Subarrays,continuous-subarrays,Medium
2763,Sum of Imbalance Numbers of All Subarrays,sum-of-imbalance-numbers-of-all-subarrays,Hard
2765,Longest Alternating Subarray,longest-alternating-subarray,Easy
2766,Relocate Marbles,relocate-marbles,Medium
2767,Partition String Into Minimum Beautiful Substrings,partition-string-into-minimum-beautiful-substrings,Medium
2768,Number of Black Blocks,number-of-black-blocks,Medium
2769,Find the Maximum Achievable Number,find-the-maximum-achievable-number,Easy
2770,Maximum Number of Jumps to Reach the Last Index,maximum-number-of-jumps-to-reach-the-last-index,Medium
2771,Longest Non-decreasing Subarray From Two Arrays,longest-non-decreasing-subarray-from-two-arrays,Medium
2772,Apply Operations to Make All Array Elements Equal to Zero,apply-operations-to-make-all-array-elements-equal-to-zero,Medium
2778,Sum of Squares of Special Elements ,sum-of-squares-of-special-elements,Easy
2779,Maximum Beauty of an Array After Applying Operation,maximum-beauty-of-an-array-after-applying-operation,Medium
2780,Minimum Index of a Valid Split,minimum-index-of-a-valid-split,Medium
2781,Length of the Longest Valid Substring,length-of-the-longest-valid-substring,Hard
2784,Check if Array is Good,check-if-array-is-good,Easy
2785,Sort Vowels in a String,sort-vowels-in-a-string,Medium
2786,Visit Array Positions to Maximize Score,visit-array-positions-to-maximize-score,Medium
2787,Ways to Express an Integer as Sum of Powers,ways-to-express-an-integer-as-sum-of-powers,Medium
2788,Split Strings by Separator,split-strings-by-separator,Easy
2789,Largest Element in an Array after Merge Operations,largest-element-in-an-array-after-merge-operations,Medium
2790,Maximum Number of Groups With Increasing Length,maximum-number-of-groups-with-increasing-length,Hard
2791,Count Paths That Can Form a Palindrome in a Tree,count-paths-that-can-form-a-palindrome-in-a-tree,Hard
2798,Number of Employees Who Met the Target,number-of-employees-who-met-the-target,Easy
2799,Count Complete Subarrays in an Array,count-complete-subarrays-in-an-array,Medium
2800,Shortest String That Contains Three Strings,shortest-string-that-contains-three-strings,Medium
2801,Count Stepping Numbers in Range,count-stepping-numbers-in-range,Hard
2806,Account Balance After Rounded Purchase,account-balance-after-rounded-purchase,Easy
2807,Insert Greatest Common Divisors in Linked List,insert-greatest-common-divisors-in-linked-list,Medium
2808,Minimum Seconds to Equalize a Circular Array,minimum-seconds-to-equalize-a-circular-array,Medium
2809,Minimum Time to Make Array Sum At Most x,minimum-time-to-make-array-sum-at-most-x,Hard
2810,Faulty Keyboard,faulty-keyboard,Easy
2811,Check if it is Possible to Split Array,check-if-it-is-possible-to-split-array,Medium
2812,Find the Safest Path in a Grid,find-the-safest-path-in-a-grid,Medium
2813,Maximum Elegance of a K-Length Subsequence,maximum-elegance-of-a-k-length-subsequence,Hard
2815,Max Pair Sum in an Array,max-pair-sum-in-an-array,Easy
2816,Double a Number Represented as a Linked List,double-a-number-represented-as-a-linked-list,Medium
2817,Minimum Absolute Difference Between Elements With Constraint,minimum-absolute-difference-between-elements-with-constraint,Medium
2818,Apply Operations to Maximize Score,apply-operations-to-maximize-score,Hard
2824,Count Pairs Whose Sum is Less than Target,count-pairs-whose-sum-is-less-than-target,Easy
2825,Make String a Subsequence Using Cyclic Increments,make-string-a-subsequence-using-cyclic-increments,Medium
2826,Sorting Three Groups,sorting-three-groups,Medium
2827,Number of Beautiful Integers in the Range,number-of-beautiful-integers-in-the-range,Hard
2828,Check if a String Is an Acronym of Words,check-if-a-string-is-an-acronym-of-words,Easy
2829,Determine the Minimum Sum of a k-avoiding Array,determine-the-minimum-sum-of-a-k-avoiding-array,Medium
2830,Maximize the Profit as the Salesman,maximize-the-profit-as-the-salesman,Medium
2831,Find the Longest Equal Subarray,find-the-longest-equal-subarray,Medium
2833,Furthest Point From Origin,furthest-point-from-origin,Easy
2834,Find the Minimum Possible Sum of a Beautiful Array,find-the-minimum-possible-sum-of-a-beautiful-array,Medium
2835,Minimum Operations to Form Subsequence With Target Sum,minimum-operations-to-form-subsequence-with-target-sum,Hard
2836,Maximize Value of Function in a Ball Passing Game,maximize-value-of-function-in-a-ball-passing-game,Hard
2839,Check if Strings Can be Made Equal With Operations I,check-if-strings-can-be-made-equal-with-operations-i,Easy
2840,Check if Strings Can be Made Equal With Operations II,check-if-strings-can-be-made-equal-with-operations-ii,Medium
2841,Maximum Sum of Almost Unique Subarray,maximum-sum-of-almost-unique-subarray,Medium
2842,Count K-Subsequences of a String With Maximum Beauty,count-k-subsequences-of-a-string-with-maximum-beauty,Hard
2843,  Count Symmetric Integers,count-symmetric-integers,Easy
2844,Minimum Operations to Make a Special Number,minimum-operations-to-make-a-special-number,Medium
2845,Count of Interesting Subarrays,count-of-interesting-subarrays,Medium
2846,Minimum Edge Weight Equilibrium Queries in a Tree,minimum-edge-weight-equilibrium-queries-in-a-tree,Hard
2848,Points That Intersect With Cars,points-that-intersect-with-cars,Easy
2849,Determine if a Cell Is Reachable at a Given Time,determine-if-a-cell-is-reachable-at-a-given-time,Medium
2850,Minimum Moves to Spread Stones Over Grid,minimum-moves-to-spread-stones-over-grid,Medium
2851,String Transformation,string-transformation,Hard
2855,Minimum Right Shifts to Sort the Array,minimum-right-shifts-to-sort-the-array,Easy
2856,Minimum Array Length After Pair Removals,minimum-array-length-after-pair-removals,Medium
2857,Count Pairs of Points With Distance k,count-pairs-of-points-with-distance-k,Medium
2858,Minimum Edge Reversals So Every Node Is Reachable,minimum-edge-reversals-so-every-node-is-reachable,Hard
2859,Sum of Values at Indices With K Set Bits,sum-of-values-at-indices-with-k-set-bits,Easy
2860,Happy Students,happy-students,Medium
2861,Maximum Number of Alloys,maximum-number-of-alloys,Medium
2862,Maximum Element-Sum of a Complete Subset of Indices,maximum-element-sum-of-a-complete-subset-of-indices,Hard
2864,Maximum Odd Binary Number,maximum-odd-binary-number,Easy
2865,Beautiful Towers I,beautiful-towers-i,Medium
2866,Beautiful Towers II,beautiful-towers-ii,Medium
2867,Count Valid Paths in a Tree,count-valid-paths-in-a-tree,Hard
2869,Minimum Operations to Collect Elements,minimum-operations-to-collect-elements,Easy
2870,Minimum Number of Operations to Make Array Empty,minimum-number-of-operations-to-make-array-empty,Medium
2871,Split Array Into Maximum Number of Subarrays,split-array-into-maximum-number-of-subarrays,Medium
2872,Maximum Number of K-Divisible Components,maximum-number-of-k-divisible-components,Hard
2873,Maximum Value of an Ordered Triplet I,maximum-value-of-an-ordered-triplet-i,Easy
2874,Maximum Value of an Ordered Triplet II,maximum-value-of-an-ordered-triplet-ii,Medium
2875,Minimum Size Subarray in Infinite Array,minimum-size-subarray-in-infinite-array,Medium
2876,Count Visited Nodes in a Directed Graph,count-visited-nodes-in-a-directed-graph,Hard
2894,Divisible and Non-divisible Sums Difference,divisible-and-non-divisible-sums-difference,Easy
2895,Minimum Processing Time,minimum-processing-time,Medium
2896,Apply Operations to Make Two Strings Equal,apply-operations-to-make-two-strings-equal,Medium
2897,Apply Operations on Array to Maximize Sum of Squares,apply-operations-on-array-to-maximize-sum-of-squares,Hard
2899,Last Visited Integers,last-visited-integers,Easy
2900,Longest Unequal Adjacent Groups Subsequence I,longest-unequal-adjacent-groups-subsequence-i,Easy
2901,Longest Unequal Adjacent Groups Subsequence II,longest-unequal-adjacent-groups-subsequence-ii,Medium
2902,Count of Sub-Multisets With Bounded Sum,count-of-sub-multisets-with-bounded-sum,Hard
2903,Find Indices With Index and Value Difference I,find-indices-with-index-and-value-difference-i,Easy
2904,Shortest and Lexicographically Smallest Beautiful String,shortest-and-lexicographically-smallest-beautiful-string,Medium
2905,Find Indices With Index and Value Difference II,find-indices-with-index-and-value-difference-ii,Medium
2906,Construct Product Matrix,construct-product-matrix,Medium
2908,Minimum Sum of Mountain Triplets I,minimum-sum-of-mountain-triplets-i,Easy
2909,Minimum Sum of Mountain Triplets II,minimum-sum-of-mountain-triplets-ii,Medium
2910,Minimum Number of Groups to Create a Valid Assignment,minimum-number-of-groups-to-create-a-valid-assignment,Medium
2911,Minimum Changes to Make K Semi-palindromes,minimum-changes-to-make-k-semi-palindromes,Hard
2913,Subarrays Distinct Element Sum of Squares I,subarrays-distinct-element-sum-of-squares-i,Easy
2914,Minimum Number of Changes to Make Binary String Beautiful,minimum-number-of-changes-to-make-binary-string-beautiful,Medium
2915,Length of the Longest Subsequence That Sums to Target,length-of-the-longest-subsequence-that-sums-to-target,Medium
2916,Subarrays Distinct Element Sum of Squares II,subarrays-distinct-element-sum-of-squares-ii,Hard
2917,Find the K-or of an Array,find-the-k-or-of-an-array,Easy
2918,Minimum Equal Sum of Two Arrays After Replacing Zeros,minimum-equal-sum-of-two-arrays-after-replacing-zeros,Medium
2919,Minimum Increment Operations to Make Array Beautiful,minimum-increment-operations-to-make-array-beautiful,Medium
2920,Maximum Points After Collecting Coins From All Nodes,maximum-points-after-collecting-coins-from-all-nodes,Hard
2923,Find Champion I,find-champion-i,Easy
2924,Find Champion II,find-champion-ii,Medium
2925,Maximum Score After Applying Operations on a Tree,maximum-score-after-applying-operations-on-a-tree,Medium
2926,Maximum Balanced Subsequence Sum,maximum-balanced-subsequence-sum,Hard
2928,Distribute Candies Among Children I,distribute-candies-among-children-i,Easy
2929,Distribute Candies Among Children II,distribute-candies-among-children-ii,Medium
2930,Number of Strings Which Can Be Rearranged to Contain Substring,number-of-strings-which-can-be-rearranged-to-contain-substring,Medium
2931,Maximum Spending After Buying Items,maximum-spending-after-buying-items,Hard
2932,Maximum Strong Pair XOR I,maximum-strong-pair-xor-i,Easy
2933,High-Access Employees,high-access-employees,Medium
2934,Minimum Operations to Maximize Last Elements in Arrays,minimum-operations-to-maximize-last-elements-in-arrays,Medium
2935,Maximum Strong Pair XOR II,maximum-strong-pair-xor-ii,Hard
2937,Make Three Strings Equal,make-three-strings-equal,Easy
2938,Separate Black and White Balls,separate-black-and-white-balls,Medium
2939,Maximum Xor Product,maximum-xor-product,Medium
2940,Find Building Where Alice and Bob Can Meet,find-building-where-alice-and-bob-can-meet,Hard
2942,Find Words Containing Character,find-words-containing-character,Easy
2943,Maximize Area of Square Hole in Grid,maximize-area-of-square-hole-in-grid,Medium
2944,Minimum Number of Coins for Fruits,minimum-number-of-coins-for-fruits,Medium
2945,Find Maximum Non-decreasing Array Length,find-maximum-non-decreasing-array-length,Hard
2946,Matrix Similarity After Cyclic Shifts,matrix-similarity-after-cyclic-shifts,Easy
2947,Count Beautiful Substrings I,count-beautiful-substrings-i,Medium
2948,Make Lexicographically Smallest Array by Swapping Elements,make-lexicographically-smallest-array-by-swapping-elements,Medium
2949,Count Beautiful Substrings II,count-beautiful-substrings-ii,Hard
2951,Find the Peaks,find-the-peaks,Easy
2952,Minimum Number of Coins to be Added,minimum-number-of-coins-to-be-added,Medium
2953,Count Complete Substrings,count-complete-substrings,Hard
2954,Count the Number of Infection Sequences,count-the-number-of-infection-sequences,Hard
2956,Find Common Elements Between Two Arrays,find-common-elements-between-two-arrays,Easy
2957,Remove Adjacent Almost-Equal Characters,remove-adjacent-almost-equal-characters,Medium
2958,Length of Longest Subarray With at Most K Frequency,length-of-longest-subarray-with-at-most-k-frequency,Medium
2959,Number of Possible Sets of Closing Branches,number-of-possible-sets-of-closing-branches,Hard
2960,Count Tested Devices After Test Operations,count-tested-devices-after-test-operations,Easy
2961,Double Modular Exponentiation,double-modular-exponentiation,Medium
2962,Count Subarrays Where Max Element Appears at Least K Times,count-subarrays-where-max-element-appears-at-least-k-times,Medium
2963,Count the Number of Good Partitions,count-the-number-of-good-partitions,Hard
2965,Find Missing and Repeated Values,find-missing-and-repeated-values,Easy
2966,Divide Array Into Arrays With Max Difference,divide-array-into-arrays-with-max-difference,Medium
2967,Minimum Cost to Make Array Equalindromic,minimum-cost-to-make-array-equalindromic,Medium
2968,Apply Operations to Maximize Frequency Score,apply-operations-to-maximize-frequency-score,Hard
2970,Count the Number of Incremovable Subarrays I,count-the-number-of-incremovable-subarrays-i,Easy
2971,Find Polygon With the Largest Perimeter,find-polygon-with-the-largest-perimeter,Medium
2972,Count the Number of Incremovable Subarrays II,count-the-number-of-incremovable-subarrays-ii,Hard
2973,Find Number of Coins to Place in Tree Nodes,find-number-of-coins-to-place-in-tree-nodes,Hard
2974,Minimum Number Game,minimum-number-game,Easy
2975,Maximum Square Area by Removing Fences From a Field,maximum-square-area-by-removing-fences-from-a-field,Medium
2976,Minimum Cost to Convert String I,minimum-cost-to-convert-string-i,Medium
2977,Minimum Cost to Convert String II,minimum-cost-to-convert-string-ii,Hard
2980,Check if Bitwise OR Has Trailing Zeros,check-if-bitwise-or-has-trailing-zeros,Easy
2981,Find Longest Special Substring That Occurs Thrice I,find-longest-special-substring-that-occurs-thrice-i,Medium
2982,Find Longest Special Substring That Occurs Thrice II,find-longest-special-substring-that-occurs-thrice-ii,Medium
2983,Palindrome Rearrangement Queries,palindrome-rearrangement-queries,Hard
2996,Smallest Missing Integer Greater Than Sequential Prefix Sum,smallest-missing-integer-greater-than-sequential-prefix-sum,Easy
2997,Minimum Number of Operations to Make Array XOR Equal to K,minimum-number-of-operations-to-make-array-xor-equal-to-k,Medium
2998,Minimum Number of Operations to Make X and Y Equal,minimum-number-of-operations-to-make-x-and-y-equal,Medium
2999,Count the Number of Powerful Integers,count-the-number-of-powerful-integers,Hard
3000,Maximum Area of Longest Diagonal Rectangle,maximum-area-of-longest-diagonal-rectangle,Easy
3001,Minimum Moves to Capture The Queen,minimum-moves-to-capture-the-queen,Medium
3002,Maximum Size of a Set After Removals,maximum-size-of-a-set-after-removals,Medium
3003,Maximize the Number of Partitions After Operations,maximize-the-number-of-partitions-after-operations,Hard
3005,Count Elements With Maximum Frequency,count-elements-with-maximum-frequency,Easy
3006,Find Beautiful Indices in the Given Array I,find-beautiful-indices-in-the-given-array-i,Medium
3007,Maximum Number That Sum of the Prices Is Less Than or Equal to K,maximum-number-that-sum-of-the-prices-is-less-than-or-equal-to-k,Medium
3008,Find Beautiful Indices in the Given Array II,find-beautiful-indices-in-the-given-array-ii,Hard
3010,Divide an Array Into Subarrays With Minimum Cost I,divide-an-array-into-subarrays-with-minimum-cost-i,Easy
3011,Find if Array Can Be Sorted,find-if-array-can-be-sorted,Medium
3012,Minimize Length of Array Using Operations,minimize-length-of-array-using-operations,Medium
3013,Divide an Array Into Subarrays With Minimum Cost II,divide-an-array-into-subarrays-with-minimum-cost-ii,Hard
3014,Minimum Number of Pushes to Type Word I,minimum-number-of-pushes-to-type-word-i,Easy
3015,Count the Number of Houses at a Certain Distance I,count-the-number-of-houses-at-a-certain-distance-i,Medium
3016,Minimum Number of Pushes to Type Word II,minimum-number-of-pushes-to-type-word-ii,Medium
3017,Count the Number of Houses at a Certain Distance II,count-the-number-of-houses-at-a-certain-distance-ii,Hard
3019,Number of Changing Keys,number-of-changing-keys,Easy
3020,Find the Maximum Number of Elements in Subset,find-the-maximum-number-of-elements-in-subset,Medium
3021,Alice and Bob Playing Flower Game,alice-and-bob-playing-flower-game,Medium
3022,Minimize OR of Remaining Elements Using Operations,minimize-or-of-remaining-elements-using-operations,Hard
3024,Type of Triangle,type-of-triangle,Easy
3025,Find the Number of Ways to Place People I,find-the-number-of-ways-to-place-people-i,Medium
3026,Maximum Good Subarray Sum,maximum-good-subarray-sum,Medium
3027,Find the Number of Ways to Place People II,find-the-number-of-ways-to-place-people-ii,Hard
3028,Ant on the Boundary,ant-on-the-boundary,Easy
3029,Minimum Time to Revert Word to Initial State I,minimum-time-to-revert-word-to-initial-state-i,Medium
3030,Find the Grid of Region Average,find-the-grid-of-region-average,Medium
3031,Minimum Time to Revert Word to Initial State II,minimum-time-to-revert-word-to-initial-state-ii,Hard
3033,Modify the Matrix,modify-the-matrix,Easy
3034,Number of Subarrays That Match a Pattern I,number-of-subarrays-that-match-a-pattern-i,Medium
3035,Maximum Palindromes After Operations,maximum-palindromes-after-operations,Medium
3036,Number of Subarrays That Match a Pattern II,number-of-subarrays-that-match-a-pattern-ii,Hard
3038,Maximum Number of Operations With the Same Score I,maximum-number-of-operations-with-the-same-score-i,Easy
3039,Apply Operations to Make String Empty,apply-operations-to-make-string-empty,Medium
3040,Maximum Number of Operations With the Same Score II,maximum-number-of-operations-with-the-same-score-ii,Medium
3041,Maximize Consecutive Elements in an Array After Modification,maximize-consecutive-elements-in-an-array-after-modification,Hard
3042,Count Prefix and Suffix Pairs I,count-prefix-and-suffix-pairs-i,Easy
3043,Find the Length of the Longest Common Prefix,find-the-length-of-the-longest-common-prefix,Medium
3044,Most Frequent Prime,most-frequent-prime,Medium
3045,Count Prefix and Suffix Pairs II,count-prefix-and-suffix-pairs-ii,Hard
3046,Split the Array,split-the-array,Easy
3047,Find the Largest Area of Square Inside Two Rectangles,find-the-largest-area-of-square-inside-two-rectangles,Medium
3048,Earliest Second to Mark Indices I,earliest-second-to-mark-indices-i,Medium
3049,Earliest Second to Mark Indices II,earliest-second-to-mark-indices-ii,Hard
3065,Minimum Operations to Exceed Threshold Value I,minimum-operations-to-exceed-threshold-value-i,Easy
3066,Minimum Operations to Exceed Threshold Value II,minimum-operations-to-exceed-threshold-value-ii,Medium
3067,Count Pairs of Connectable Servers in a Weighted Tree Network,count-pairs-of-connectable-servers-in-a-weighted-tree-network,Medium
3068,Find the Maximum Sum of Node Values,find-the-maximum-sum-of-node-values,Hard
3069,Distribute Elements Into Two Arrays I,distribute-elements-into-two-arrays-i,Easy
3070,Count Submatrices with Top-Left Element and Sum Less Than k,count-submatrices-with-top-left-element-and-sum-less-than-k,Medium
3071,Minimum Operations to Write the Letter Y on a Grid,minimum-operations-to-write-the-letter-y-on-a-grid,Medium
3072,Distribute Elements Into Two Arrays II,distribute-elements-into-two-arrays-ii,Hard
3074,Apple Redistribution into Boxes,apple-redistribution-into-boxes,Easy
3075,Maximize Happiness of Selected Children,maximize-happiness-of-selected-children,Medium
3076,Shortest Uncommon Substring in an Array,shortest-uncommon-substring-in-an-array,Medium
3077,Maximum Strength of K Disjoint Subarrays,maximum-strength-of-k-disjoint-subarrays,Hard
3079,Find the Sum of Encrypted Integers,find-the-sum-of-encrypted-integers,Easy
3080,Mark Elements on Array by Performing Queries,mark-elements-on-array-by-performing-queries,Medium
3081,Replace Question Marks in String to Minimize Its Value,replace-question-marks-in-string-to-minimize-its-value,Medium
3082,Find the Sum of the Power of All Subsequences,find-the-sum-of-the-power-of-all-subsequences,Hard
3083,Existence of a Substring in a String and Its Reverse,existence-of-a-substring-in-a-string-and-its-reverse,Easy
3084,Count Substrings Starting and Ending with Given Character,count-substrings-starting-and-ending-with-given-character,Medium
3085,Minimum Deletions to Make String K-Special,minimum-deletions-to-make-string-k-special,Medium
3086,Minimum Moves to Pick K Ones,minimum-moves-to-pick-k-ones,Hard
3090,Maximum Length Substring With Two Occurrences,maximum-length-substring-with-two-occurrences,Easy
3091,Apply Operations to Make Sum of Array Greater Than or Equal to k,apply-operations-to-make-sum-of-array-greater-than-or-equal-to-k,Medium
3092,Most Frequent IDs,most-frequent-ids,Medium
3093,Longest Common Suffix Queries,longest-common-suffix-queries,Hard
3095,Shortest Subarray With OR at Least K I,shortest-subarray-with-or-at-least-k-i,Easy
3096,Minimum Levels to Gain More Points,minimum-levels-to-gain-more-points,Medium
3097,Shortest Subarray With OR at Least K II,shortest-subarray-with-or-at-least-k-ii,Medium
3098,Find the Sum of Subsequence Powers,find-the-sum-of-subsequence-powers,Hard
3099,Harshad Number,harshad-number,Easy
3100,Water Bottles II,water-bottles-ii,Medium
3101,Count Alternating Subarrays,count-alternating-subarrays,Medium
3102,Minimize Manhattan Distances,minimize-manhattan-distances,Hard
3105,Longest Strictly Increasing or Strictly Decreasing Subarray,longest-strictly-increasing-or-strictly-decreasing-subarray,Easy
3106,Lexicographically Smallest String After Operations With Constraint,lexicographically-smallest-string-after-operations-with-constraint,Medium
3107,Minimum Operations to Make Median of Array Equal to K,minimum-operations-to-make-median-of-array-equal-to-k,Medium
3108,Minimum Cost Walk in Weighted Graph,minimum-cost-walk-in-weighted-graph,Hard
3110,Score of a String,score-of-a-string,Easy
3111,Minimum Rectangles to Cover Points,minimum-rectangles-to-cover-points,Medium
3112,Minimum Time to Visit Disappearing Nodes,minimum-time-to-visit-disappearing-nodes,Medium
3113,Find the Number of Subarrays Where Boundary Elements Are Maximum,find-the-number-of-subarrays-where-boundary-elements-are-maximum,Hard
3114,Latest Time You Can Obtain After Replacing Characters,latest-time-you-can-obtain-after-replacing-characters,Easy
3115,Maximum Prime Difference,maximum-prime-difference,Medium
3116,Kth Smallest Amount With Single Denomination Combination,kth-smallest-amount-with-single-denomination-combination,Hard
3117,Minimum Sum of Values by Dividing Array,minimum-sum-of-values-by-dividing-array,Hard
3120,Count the Number of Special Characters I,count-the-number-of-special-characters-i,Easy
3121,Count the Number of Special Characters II,count-the-number-of-special-characters-ii,Medium
3122,Minimum Number of Operations to Satisfy Conditions,minimum-number-of-operations-to-satisfy-conditions,Medium
3123,Find Edges in Shortest Paths,find-edges-in-shortest-paths,Hard
3127,Make a Square with the Same Color,make-a-square-with-the-same-color,Easy
3128,Right Triangles,right-triangles,Medium
3129,Find All Possible Stable Binary Arrays I,find-all-possible-stable-binary-arrays-i,Medium
3130,Find All Possible Stable Binary Arrays II,find-all-possible-stable-binary-arrays-ii,Hard
3131,Find the Integer Added to Array I,find-the-integer-added-to-array-i,Easy
3132,Find the Integer Added to Array II,find-the-integer-added-to-array-ii,Medium
3133,Minimum Array End,minimum-array-end,Medium
3134,Find the Median of the Uniqueness Array,find-the-median-of-the-uniqueness-array,Hard
3136,Valid Word,valid-word,Easy
3137,Minimum Number of Operations to Make Word K-Periodic,minimum-number-of-operations-to-make-word-k-periodic,Medium
3138,Minimum Length of Anagram Concatenation,minimum-length-of-anagram-concatenation,Medium
3139,Minimum Cost to Equalize Array,minimum-cost-to-equalize-array,Hard
3142,Check if Grid Satisfies Conditions,check-if-grid-satisfies-conditions,Easy
3143,Maximum Points Inside the Square,maximum-points-inside-the-square,Medium
3144,Minimum Substring Partition of Equal Character Frequency,minimum-substring-partition-of-equal-character-frequency,Medium
3145,Find Products of Elements of Big Array,find-products-of-elements-of-big-array,Hard
3146,Permutation Difference between Two Strings,permutation-difference-between-two-strings,Easy
3147,Taking Maximum Energy From the Mystic Dungeon,taking-maximum-energy-from-the-mystic-dungeon,Medium
3148,Maximum Difference Score in a Grid,maximum-difference-score-in-a-grid,Medium
3149,Find the Minimum Cost Array Permutation,find-the-minimum-cost-array-permutation,Hard
3151,Special Array I,special-array-i,Easy
3152,Special Array II,special-array-ii,Medium
3153,Sum of Digit Differences of All Pairs,sum-of-digit-differences-of-all-pairs,Medium
3154,Find Number of Ways to Reach the K-th Stair,find-number-of-ways-to-reach-the-k-th-stair,Hard
3158,Find the XOR of Numbers Which Appear Twice,find-the-xor-of-numbers-which-appear-twice,Easy
3159,Find Occurrences of an Element in an Array,find-occurrences-of-an-element-in-an-array,Medium
3160,Find the Number of Distinct Colors Among the Balls,find-the-number-of-distinct-colors-among-the-balls,Medium
3161,Block Placement Queries,block-placement-queries,Hard
3162,Find the Number of Good Pairs I,find-the-number-of-good-pairs-i,Easy
3163,String Compression III,string-compression-iii,Medium
3164,Find the Number of Good Pairs II,find-the-number-of-good-pairs-ii,Medium
3165,Maximum Sum of Subsequence With Non-adjacent Elements,maximum-sum-of-subsequence-with-non-adjacent-elements,Hard
3168,Minimum Number of Chairs in a Waiting Room,minimum-number-of-chairs-in-a-waiting-room,Easy
3169,Count Days Without Meetings,count-days-without-meetings,Medium
3170,Lexicographically Minimum String After Removing Stars,lexicographically-minimum-string-after-removing-stars,Medium
3171,Find Subarray With Bitwise OR Closest to K,find-subarray-with-bitwise-or-closest-to-k,Hard
3174,Clear Digits,clear-digits,Easy
3175,Find The First Player to win K Games in a Row,find-the-first-player-to-win-k-games-in-a-row,Medium
3176,Find the Maximum Length of a Good Subsequence I,find-the-maximum-length-of-a-good-subsequence-i,Medium
3177,Find the Maximum Length of a Good Subsequence II,find-the-maximum-length-of-a-good-subsequence-ii,Hard
3178,Find the Child Who Has the Ball After K Seconds,find-the-child-who-has-the-ball-after-k-seconds,Easy
3179,Find the N-th Value After K Seconds,find-the-n-th-value-after-k-seconds,Medium
3180,Maximum Total Reward Using Operations I,maximum-total-reward-using-operations-i,Medium
3181,Maximum Total Reward Using Operations II,maximum-total-reward-using-operations-ii,Hard
3184,Count Pairs That Form a Complete Day I,count-pairs-that-form-a-complete-day-i,Easy
3185,Count Pairs That Form a Complete Day II,count-pairs-that-form-a-complete-day-ii,Medium
3186,Maximum Total Damage With Spell Casting,maximum-total-damage-with-spell-casting,Medium
3187,Peaks in Array,peaks-in-array,Hard
3190,Find Minimum Operations to Make All Elements Divisible by Three,find-minimum-operations-to-make-all-elements-divisible-by-three,Easy
3191,Minimum Operations to Make Binary Array Elements Equal to One I,minimum-operations-to-make-binary-array-elements-equal-to-one-i,Medium
3192,Minimum Operations to Make Binary Array Elements Equal to One II,minimum-operations-to-make-binary-array-elements-equal-to-one-ii,Medium
3193,Count the Number of Inversions,count-the-number-of-inversions,Hard
3194,Minimum Average of Smallest and Largest Elements,minimum-average-of-smallest-and-largest-elements,Easy
3195,Find the Minimum Area to Cover All Ones I,find-the-minimum-area-to-cover-all-ones-i,Medium
3196,Maximize Total Cost of Alternating Subarrays,maximize-total-cost-of-alternating-subarrays,Medium
3197,Find the Minimum Area to Cover All Ones II,find-the-minimum-area-to-cover-all-ones-ii,Hard
3200,Maximum Height of a Triangle,maximum-height-of-a-triangle,Easy
3201,Find the Maximum Length of Valid Subsequence I,find-the-maximum-length-of-valid-subsequence-i,Medium
3202,Find the Maximum Length of Valid Subsequence II,find-the-maximum-length-of-valid-subsequence-ii,Medium
3203,Find Minimum Diameter After Merging Two Trees,find-minimum-diameter-after-merging-two-trees,Hard
3206,Alternating Groups I,alternating-groups-i,Easy
3207,Maximum Points After Enemy Battles,maximum-points-after-enemy-battles,Medium
3208,Alternating Groups II,alternating-groups-ii,Medium
3209,Number of Subarrays With AND Value of K,number-of-subarrays-with-and-value-of-k,Hard
3210,Find the Encrypted String,find-the-encrypted-string,Easy
3211,Generate Binary Strings Without Adjacent Zeros,generate-binary-strings-without-adjacent-zeros,Medium
3212,Count Submatrices With Equal Frequency of X and Y,count-submatrices-with-equal-frequency-of-x-and-y,Medium
3213,Construct String with Minimum Cost,construct-string-with-minimum-cost,Hard
3216,Lexicographically Smallest String After a Swap,lexicographically-smallest-string-after-a-swap,Easy
3217,Delete Nodes From Linked List Present in Array,delete-nodes-from-linked-list-present-in-array,Medium
3218,Minimum Cost for Cutting Cake I,minimum-cost-for-cutting-cake-i,Medium
3219,Minimum Cost for Cutting Cake II,minimum-cost-for-cutting-cake-ii,Hard
3222,Find the Winning Player in Coin Game,find-the-winning-player-in-coin-game,Easy
3223,Minimum Length of String After Operations,minimum-length-of-string-after-operations,Medium
3224,Minimum Array Changes to Make Differences Equal,minimum-array-changes-to-make-differences-equal,Medium
3225,Maximum Score From Grid Operations,maximum-score-from-grid-operations,Hard
3226,Number of Bit Changes to Make Two Integers Equal,number-of-bit-changes-to-make-two-integers-equal,Easy
3227,Vowels Game in a String,vowels-game-in-a-string,Medium
3228,Maximum Number of Operations to Move Ones to the End,maximum-number-of-operations-to-move-ones-to-the-end,Medium
3229,Minimum Operations to Make Array Equal to Target,minimum-operations-to-make-array-equal-to-target,Hard
3232,Find if Digit Game Can Be Won,find-if-digit-game-can-be-won,Easy
3233,Find the Count of Numbers Which Are Not Special,find-the-count-of-numbers-which-are-not-special,Medium
3234,Count the Number of Substrings With Dominant Ones,count-the-number-of-substrings-with-dominant-ones,Medium
3235,Check if the Rectangle Corner Is Reachable,check-if-the-rectangle-corner-is-reachable,Hard
3238,Find the Number of Winning Players,find-the-number-of-winning-players,Easy
3239,Minimum Number of Flips to Make Binary Grid Palindromic I,minimum-number-of-flips-to-make-binary-grid-palindromic-i,Medium
3240,Minimum Number of Flips to Make Binary Grid Palindromic II,minimum-number-of-flips-to-make-binary-grid-palindromic-ii,Medium
3241,Time Taken to Mark All Nodes,time-taken-to-mark-all-nodes,Hard
3242,Design Neighbor Sum Service,design-neighbor-sum-service,Easy
3243,Shortest Distance After Road Addition Queries I,shortest-distance-after-road-addition-queries-i,Medium
3244,Shortest Distance After Road Addition Queries II,shortest-distance-after-road-addition-queries-ii,Hard
3245,Alternating Groups III,alternating-groups-iii,Hard
3248,Snake in Matrix,snake-in-matrix,Easy
3249,Count the Number of Good Nodes,count-the-number-of-good-nodes,Medium
3250,Find the Count of Monotonic Pairs I,find-the-count-of-monotonic-pairs-i,Hard
3251,Find the Count of Monotonic Pairs II,find-the-count-of-monotonic-pairs-ii,Hard
3254,Find the Power of K-Size Subarrays I,find-the-power-of-k-size-subarrays-i,Medium
3255,Find the Power of K-Size Subarrays II,find-the-power-of-k-size-subarrays-ii,Medium
3256,Maximum Value Sum by Placing Three Rooks I,maximum-value-sum-by-placing-three-rooks-i,Hard
3257,Maximum Value Sum by Placing Three Rooks II,maximum-value-sum-by-placing-three-rooks-ii,Hard
3258,Count Substrings That Satisfy K-Constraint I,count-substrings-that-satisfy-k-constraint-i,Easy
3259,Maximum Energy Boost From Two Drinks,maximum-energy-boost-from-two-drinks,Medium
3260,Find the Largest Palindrome Divisible by K,find-the-largest-palindrome-divisible-by-k,Hard
3261,Count Substrings That Satisfy K-Constraint II,count-substrings-that-satisfy-k-constraint-ii,Hard
3264,Final Array State After K Multiplication Operations I,final-array-state-after-k-multiplication-operations-i,Easy
3265,Count Almost Equal Pairs I,count-almost-equal-pairs-i,Medium
3266,Final Array State After K Multiplication Operations II,final-array-state-after-k-multiplication-operations-ii,Hard
3267,Count Almost Equal Pairs II,count-almost-equal-pairs-ii,Hard
3270,Find the Key of the Numbers,find-the-key-of-the-numbers,Easy
3271,Hash Divided String,hash-divided-string,Medium
3272,Find the Count of Good Integers,find-the-count-of-good-integers,Hard
3273,Minimum Amount of Damage Dealt to Bob,minimum-amount-of-damage-dealt-to-bob,Hard
3274,Check if Two Chessboard Squares Have the Same Color,check-if-two-chessboard-squares-have-the-same-color,Easy
3275,K-th Nearest Obstacle Queries,k-th-nearest-obstacle-queries,Medium
3276,Select Cells in Grid With Maximum Score,select-cells-in-grid-with-maximum-score,Hard
3277,Maximum XOR Score Subarray Queries,maximum-xor-score-subarray-queries,Hard
3280,Convert Date to Binary,convert-date-to-binary,Easy
3281,Maximize Score of Numbers in Ranges,maximize-score-of-numbers-in-ranges,Medium
3282,Reach End of Array With Max Score,reach-end-of-array-with-max-score,Medium
3283,Maximum Number of Moves to Kill All Pawns,maximum-number-of-moves-to-kill-all-pawns,Hard
3285,Find Indices of Stable Mountains,find-indices-of-stable-mountains,Easy
3286,Find a Safe Walk Through a Grid,find-a-safe-walk-through-a-grid,Medium
3287,Find the Maximum Sequence Value of Array,find-the-maximum-sequence-value-of-array,Hard
3288,Length of the Longest Increasing Path,length-of-the-longest-increasing-path,Hard
3289,The Two Sneaky Numbers of Digitville,the-two-sneaky-numbers-of-digitville,Easy
3290,Maximum Multiplication Score,maximum-multiplication-score,Medium
3291,Minimum Number of Valid Strings to Form Target I,minimum-number-of-valid-strings-to-form-target-i,Medium
3292,Minimum Number of Valid Strings to Form Target II,minimum-number-of-valid-strings-to-form-target-ii,Hard
3295,Report Spam Message,report-spam-message,Medium
3296,Minimum Number of Seconds to Make Mountain Height Zero,minimum-number-of-seconds-to-make-mountain-height-zero,Medium
3297,Count Substrings That Can Be Rearranged to Contain a String I,count-substrings-that-can-be-rearranged-to-contain-a-string-i,Medium
3298,Count Substrings That Can Be Rearranged to Contain a String II,count-substrings-that-can-be-rearranged-to-contain-a-string-ii,Hard
3300,Minimum Element After Replacement With Digit Sum,minimum-element-after-replacement-with-digit-sum,Easy
3301,Maximize the Total Height of Unique Towers,maximize-the-total-height-of-unique-towers,Medium
3302,Find the Lexicographically Smallest Valid Sequence,find-the-lexicographically-smallest-valid-sequence,Medium
3303,Find the Occurrence of First Almost Equal Substring,find-the-occurrence-of-first-almost-equal-substring,Hard
3304,Find the K-th Character in String Game I,find-the-k-th-character-in-string-game-i,Easy
3305,Count of Substrings Containing Every Vowel and K Consonants I,count-of-substrings-containing-every-vowel-and-k-consonants-i,Medium
3306,Count of Substrings Containing Every Vowel and K Consonants II,count-of-substrings-containing-every-vowel-and-k-consonants-ii,Medium
3307,Find the K-th Character in String Game II,find-the-k-th-character-in-string-game-ii,Hard
3309,Maximum Possible Number by Binary Concatenation,maximum-possible-number-by-binary-concatenation,Medium
3310,Remove Methods From Project,remove-methods-from-project,Medium
3311,Construct 2D Grid Matching Graph Layout,construct-2d-grid-matching-graph-layout,Hard
3312,Sorted GCD Pair Queries,sorted-gcd-pair-queries,Hard
3314,Construct the Minimum Bitwise Array I,construct-the-minimum-bitwise-array-i,Easy
3315,Construct the Minimum Bitwise Array II,construct-the-minimum-bitwise-array-ii,Medium
3316,Find Maximum Removals From Source String,find-maximum-removals-from-source-string,Medium
3317,Find the Number of Possible Ways for an Event,find-the-number-of-possible-ways-for-an-event,Hard
3318,Find X-Sum of All K-Long Subarrays I,find-x-sum-of-all-k-long-subarrays-i,Easy
3319,K-th Largest Perfect Subtree Size in Binary Tree,k-th-largest-perfect-subtree-size-in-binary-tree,Medium
3320,Count The Number of Winning Sequences,count-the-number-of-winning-sequences,Hard
3321,Find X-Sum of All K-Long Subarrays II,find-x-sum-of-all-k-long-subarrays-ii,Hard
3324,Find the Sequence of Strings Appeared on the Screen,find-the-sequence-of-strings-appeared-on-the-screen,Medium
3325,Count Substrings With K-Frequency Characters I,count-substrings-with-k-frequency-characters-i,Medium
3326,Minimum Division Operations to Make Array Non Decreasing,minimum-division-operations-to-make-array-non-decreasing,Medium
3327,Check if DFS Strings Are Palindromes,check-if-dfs-strings-are-palindromes,Hard
3330,Find the Original Typed String I,find-the-original-typed-string-i,Easy
3331,Find Subtree Sizes After Changes,find-subtree-sizes-after-changes,Medium
3332,Maximum Points Tourist Can Earn,maximum-points-tourist-can-earn,Medium
3333,Find the Original Typed String II,find-the-original-typed-string-ii,Hard
3334,Find the Maximum Factor Score of Array,find-the-maximum-factor-score-of-array,Medium
3335,Total Characters in String After Transformations I,total-characters-in-string-after-transformations-i,Medium
3336,Find the Number of Subsequences With Equal GCD,find-the-number-of-subsequences-with-equal-gcd,Hard
3337,Total Characters in String After Transformations II,total-characters-in-string-after-transformations-ii,Hard
3340,Check Balanced String,check-balanced-string,Easy
3341,Find Minimum Time to Reach Last Room I,find-minimum-time-to-reach-last-room-i,Medium
3342,Find Minimum Time to Reach Last Room II,find-minimum-time-to-reach-last-room-ii,Medium
3343,Count Number of Balanced Permutations,count-number-of-balanced-permutations,Hard
3345,Smallest Divisible Digit Product I,smallest-divisible-digit-product-i,Easy
3346,Maximum Frequency of an Element After Performing Operations I,maximum-frequency-of-an-element-after-performing-operations-i,Medium
3347,Maximum Frequency of an Element After Performing Operations II,maximum-frequency-of-an-element-after-performing-operations-ii,Hard
3348,Smallest Divisible Digit Product II,smallest-divisible-digit-product-ii,Hard
3349,Adjacent Increasing Subarrays Detection I,adjacent-increasing-subarrays-detection-i,Easy
3350,Adjacent Increasing Subarrays Detection II,adjacent-increasing-subarrays-detection-ii,Medium
3351,Sum of Good Subsequences,sum-of-good-subsequences,Hard
3352,Count K-Reducible Numbers Less Than N,count-k-reducible-numbers-less-than-n,Hard
3354,Make Array Elements Equal to Zero,make-array-elements-equal-to-zero,Easy
3355,Zero Array Transformation I,zero-array-transformation-i,Medium
3356,Zero Array Transformation II,zero-array-transformation-ii,Medium
3357,Minimize the Maximum Adjacent Element Difference,minimize-the-maximum-adjacent-element-difference,Hard
3360,Stone Removal Game,stone-removal-game,Easy
3361,Shift Distance Between Two Strings,shift-distance-between-two-strings,Medium
3362,Zero Array Transformation III,zero-array-transformation-iii,Medium
3363,Find the Maximum Number of Fruits Collected,find-the-maximum-number-of-fruits-collected,Hard
3364,Minimum Positive Sum Subarray ,minimum-positive-sum-subarray,Easy
3365,Rearrange K Substrings to Form Target String,rearrange-k-substrings-to-form-target-string,Medium
3366,Minimum Array Sum,minimum-array-sum,Medium
3367,Maximize Sum of Weights after Edge Removals,maximize-sum-of-weights-after-edge-removals,Hard
3370,Smallest Number With All Set Bits,smallest-number-with-all-set-bits,Easy
3371,Identify the Largest Outlier in an Array,identify-the-largest-outlier-in-an-array,Medium
3372,Maximize the Number of Target Nodes After Connecting Trees I,maximize-the-number-of-target-nodes-after-connecting-trees-i,Medium
3373,Maximize the Number of Target Nodes After Connecting Trees II,maximize-the-number-of-target-nodes-after-connecting-trees-ii,Hard
3375,Minimum Operations to Make Array Values Equal to K,minimum-operations-to-make-array-values-equal-to-k,Easy
3376,Minimum Time to Break Locks I,minimum-time-to-break-locks-i,Medium
3377,Digit Operations to Make Two Integers Equal,digit-operations-to-make-two-integers-equal,Medium
3378,Count Connected Components in LCM Graph,count-connected-components-in-lcm-graph,Hard
3379,Transformed Array,transformed-array,Easy
3380,Maximum Area Rectangle With Point Constraints I,maximum-area-rectangle-with-point-constraints-i,Medium
3381,Maximum Subarray Sum With Length Divisible by K,maximum-subarray-sum-with-length-divisible-by-k,Medium
3382,Maximum Area Rectangle With Point Constraints II,maximum-area-rectangle-with-point-constraints-ii,Hard
3386,Button with Longest Push Time,button-with-longest-push-time,Easy
3387,Maximize Amount After Two Days of Conversions,maximize-amount-after-two-days-of-conversions,Medium
3388,Count Beautiful Splits in an Array,count-beautiful-splits-in-an-array,Medium
3389,Minimum Operations to Make Character Frequencies Equal,minimum-operations-to-make-character-frequencies-equal,Hard
3392,Count Subarrays of Length Three With a Condition,count-subarrays-of-length-three-with-a-condition,Easy
3393,Count Paths With the Given XOR Value,count-paths-with-the-given-xor-value,Medium
3394,Check if Grid can be Cut into Sections,check-if-grid-can-be-cut-into-sections,Medium
3395,Subsequences with a Unique Middle Mode I,subsequences-with-a-unique-middle-mode-i,Hard
3396,Minimum Number of Operations to Make Elements in Array Distinct,minimum-number-of-operations-to-make-elements-in-array-distinct,Easy
3397,Maximum Number of Distinct Elements After Operations,maximum-number-of-distinct-elements-after-operations,Medium
3398,Smallest Substring With Identical Characters I,smallest-substring-with-identical-characters-i,Hard
3399,Smallest Substring With Identical Characters II,smallest-substring-with-identical-characters-ii,Hard
3402,Minimum Operations to Make Columns Strictly Increasing,minimum-operations-to-make-columns-strictly-increasing,Easy
3403,Find the Lexicographically Largest String From the Box I,find-the-lexicographically-largest-string-from-the-box-i,Medium
3404,Count Special Subsequences,count-special-subsequences,Medium
3405,Count the Number of Arrays with K Matching Adjacent Elements,count-the-number-of-arrays-with-k-matching-adjacent-elements,Hard
3407,Substring Matching Pattern,substring-matching-pattern,Easy
3408,Design Task Manager,design-task-manager,Medium
3409,Longest Subsequence With Decreasing Adjacent Difference,longest-subsequence-with-decreasing-adjacent-difference,Medium
3410,Maximize Subarray Sum After Removing All Occurrences of One Element,maximize-subarray-sum-after-removing-all-occurrences-of-one-element,Hard
3411,Maximum Subarray With Equal Products,maximum-subarray-with-equal-products,Easy
3412,Find Mirror Score of a String,find-mirror-score-of-a-string,Medium
3413,Maximum Coins From K Consecutive Bags,maximum-coins-from-k-consecutive-bags,Medium
3414,Maximum Score of Non-overlapping Intervals,maximum-score-of-non-overlapping-intervals,Hard
3417,Zigzag Grid Traversal With Skip,zigzag-grid-traversal-with-skip,Easy
3418,Maximum Amount of Money Robot Can Earn,maximum-amount-of-money-robot-can-earn,Medium
3419,Minimize the Maximum Edge Weight of Graph,minimize-the-maximum-edge-weight-of-graph,Medium
3420,Count Non-Decreasing Subarrays After K Operations,count-non-decreasing-subarrays-after-k-operations,Hard
3423,Maximum Difference Between Adjacent Elements in a Circular Array,maximum-difference-between-adjacent-elements-in-a-circular-array,Easy
3424,Minimum Cost to Make Arrays Identical,minimum-cost-to-make-arrays-identical,Medium
3425,Longest Special Path,longest-special-path,Hard
3426,Manhattan Distances of All Arrangements of Pieces,manhattan-distances-of-all-arrangements-of-pieces,Hard
3427,Sum of Variable Length Subarrays,sum-of-variable-length-subarrays,Easy
3428,Maximum and Minimum Sums of at Most Size K Subsequences,maximum-and-minimum-sums-of-at-most-size-k-subsequences,Medium
3429,Paint House IV,paint-house-iv,Medium
3430,Maximum and Minimum Sums of at Most Size K Subarrays,maximum-and-minimum-sums-of-at-most-size-k-subarrays,Hard
3432,Count Partitions with Even Sum Difference,count-partitions-with-even-sum-difference,Easy
3433,Count Mentions Per User,count-mentions-per-user,Medium
3434,Maximum Frequency After Subarray Operation,maximum-frequency-after-subarray-operation,Medium
3435,Frequencies of Shortest Supersequences,frequencies-of-shortest-supersequences,Hard
3438,Find Valid Pair of Adjacent Digits in String,find-valid-pair-of-adjacent-digits-in-string,Easy
3439,Reschedule Meetings for Maximum Free Time I,reschedule-meetings-for-maximum-free-time-i,Medium
3440,Reschedule Meetings for Maximum Free Time II,reschedule-meetings-for-maximum-free-time-ii,Medium
3441,Minimum Cost Good Caption,minimum-cost-good-caption,Hard
3442,Maximum Difference Between Even and Odd Frequency I,maximum-difference-between-even-and-odd-frequency-i,Easy
3443,Maximum Manhattan Distance After K Changes,maximum-manhattan-distance-after-k-changes,Medium
3444,Minimum Increments for Target Multiples in an Array,minimum-increments-for-target-multiples-in-an-array,Hard
3445,Maximum Difference Between Even and Odd Frequency II,maximum-difference-between-even-and-odd-frequency-ii,Hard
3446,Sort Matrix by Diagonals,sort-matrix-by-diagonals,Medium
3447,Assign Elements to Groups with Constraints,assign-elements-to-groups-with-constraints,Medium
3448,Count Substrings Divisible By Last Digit,count-substrings-divisible-by-last-digit,Hard
3449,Maximize the Minimum Game Score,maximize-the-minimum-game-score,Hard
3452,Sum of Good Numbers,sum-of-good-numbers,Easy
3453,Separate Squares I,separate-squares-i,Medium
3454,Separate Squares II,separate-squares-ii,Hard
3455,Shortest Matching Substring,shortest-matching-substring,Hard
3456,Find Special Substring of Length K,find-special-substring-of-length-k,Easy
3457,Eat Pizzas!,eat-pizzas,Medium
3458,Select K Disjoint Special Substrings,select-k-disjoint-special-substrings,Medium
3459,Length of Longest V-Shaped Diagonal Segment,length-of-longest-v-shaped-diagonal-segment,Hard
3461,Check If Digits Are Equal in String After Operations I,check-if-digits-are-equal-in-string-after-operations-i,Easy
3462,Maximum Sum With at Most K Elements,maximum-sum-with-at-most-k-elements,Medium
3463,Check If Digits Are Equal in String After Operations II,check-if-digits-are-equal-in-string-after-operations-ii,Hard
3464,Maximize the Distance Between Points on a Square,maximize-the-distance-between-points-on-a-square,Hard
3467,Transform Array by Parity,transform-array-by-parity,Easy
3468,Find the Number of Copy Arrays,find-the-number-of-copy-arrays,Medium
3469,Find Minimum Cost to Remove Array Elements,find-minimum-cost-to-remove-array-elements,Medium
3470,Permutations IV,permutations-iv,Hard
3471,Find the Largest Almost Missing Integer,find-the-largest-almost-missing-integer,Easy
3472,Longest Palindromic Subsequence After at Most K Operations,longest-palindromic-subsequence-after-at-most-k-operations,Medium
3473,Sum of K Subarrays With Length at Least M,sum-of-k-subarrays-with-length-at-least-m,Medium
3474,Lexicographically Smallest Generated String,lexicographically-smallest-generated-string,Hard
3477,Fruits Into Baskets II,fruits-into-baskets-ii,Easy
3478,Choose K Elements With Maximum Sum,choose-k-elements-with-maximum-sum,Medium
3479,Fruits Into Baskets III,fruits-into-baskets-iii,Medium
3480,Maximize Subarrays After Removing One Conflicting Pair,maximize-subarrays-after-removing-one-conflicting-pair,Hard
3483,Unique 3-Digit Even Numbers,unique-3-digit-even-numbers,Easy
3484,Design Spreadsheet,design-spreadsheet,Medium
3485,Longest Common Prefix of K Strings After Removal,longest-common-prefix-of-k-strings-after-removal,Hard
3486,Longest Special Path II,longest-special-path-ii,Hard
3487,Maximum Unique Subarray Sum After Deletion,maximum-unique-subarray-sum-after-deletion,Easy
3488,Closest Equal Element Queries,closest-equal-element-queries,Medium
3489,Zero Array Transformation IV,zero-array-transformation-iv,Medium
3490,Count Beautiful Numbers,count-beautiful-numbers,Hard
3492,Maximum Containers on a Ship,maximum-containers-on-a-ship,Easy
3493,Properties Graph,properties-graph,Medium
3494,Find the Minimum Amount of Time to Brew Potions,find-the-minimum-amount-of-time-to-brew-potions,Medium
3495,Minimum Operations to Make Array Elements Zero,minimum-operations-to-make-array-elements-zero,Hard
3498,Reverse Degree of a String,reverse-degree-of-a-string,Easy
3499,Maximize Active Section with Trade I,maximize-active-section-with-trade-i,Medium
3500,Minimum Cost to Divide Array Into Subarrays,minimum-cost-to-divide-array-into-subarrays,Hard
3501,Maximize Active Section with Trade II,maximize-active-section-with-trade-ii,Hard
3502,Minimum Cost to Reach Every Position,minimum-cost-to-reach-every-position,Easy
3503,Longest Palindrome After Substring Concatenation I,longest-palindrome-after-substring-concatenation-i,Medium
3504,Longest Palindrome After Substring Concatenation II,longest-palindrome-after-substring-concatenation-ii,Hard
3505,Minimum Operations to Make Elements Within K Subarrays Equal,minimum-operations-to-make-elements-within-k-subarrays-equal,Hard
3507,Minimum Pair Removal to Sort Array I,minimum-pair-removal-to-sort-array-i,Easy
3508,Implement Router,implement-router,Medium
3509,Maximum Product of Subsequences With an Alternating Sum Equal to K,maximum-product-of-subsequences-with-an-alternating-sum-equal-to-k,Hard
3510,Minimum Pair Removal to Sort Array II,minimum-pair-removal-to-sort-array-ii,Hard
3512,Minimum Operations to Make Array Sum Divisible by K,minimum-operations-to-make-array-sum-divisible-by-k,Easy
3513,Number of Unique XOR Triplets I,number-of-unique-xor-triplets-i,Medium
3514,Number of Unique XOR Triplets II,number-of-unique-xor-triplets-ii,Medium
3515,Shortest Path in a Weighted Tree,shortest-path-in-a-weighted-tree,Hard
3516,Find Closest Person,find-closest-person,Easy
3517,Smallest Palindromic Rearrangement I,smallest-palindromic-rearrangement-i,Medium
3518,Smallest Palindromic Rearrangement II,smallest-palindromic-rearrangement-ii,Hard
3519,Count Numbers with Non-Decreasing Digits ,count-numbers-with-non-decreasing-digits,Hard
3522,Calculate Score After Performing Instructions,calculate-score-after-performing-instructions,Medium
3523,Make Array Non-decreasing,make-array-non-decreasing,Medium
3524,Find X Value of Array I,find-x-value-of-array-i,Medium
3525,Find X Value of Array II,find-x-value-of-array-ii,Hard
3527,Find the Most Common Response,find-the-most-common-response,Medium
3528,Unit Conversion I,unit-conversion-i,Medium
3529,Count Cells in Overlapping Horizontal and Vertical Substrings,count-cells-in-overlapping-horizontal-and-vertical-substrings,Medium
3530,Maximum Profit from Valid Topological Order in DAG,maximum-profit-from-valid-topological-order-in-dag,Hard
3531,Count Covered Buildings,count-covered-buildings,Medium
3532,Path Existence Queries in a Graph I,path-existence-queries-in-a-graph-i,Medium
3533,Concatenated Divisibility,concatenated-divisibility,Hard
3534,Path Existence Queries in a Graph II,path-existence-queries-in-a-graph-ii,Hard
3536,Maximum Product of Two Digits,maximum-product-of-two-digits,Easy
3537,Fill a Special Grid,fill-a-special-grid,Medium
3538,Merge Operations for Minimum Travel Time,merge-operations-for-minimum-travel-time,Hard
3539,Find Sum of Array Product of Magical Sequences,find-sum-of-array-product-of-magical-sequences,Hard
3541,Find Most Frequent Vowel and Consonant,find-most-frequent-vowel-and-consonant,Easy
3542,Minimum Operations to Convert All Elements to Zero,minimum-operations-to-convert-all-elements-to-zero,Medium
3543,Maximum Weighted K-Edge Path,maximum-weighted-k-edge-path,Medium
3544,Subtree Inversion Sum,subtree-inversion-sum,Hard
3545,Minimum Deletions for At Most K Distinct Characters,minimum-deletions-for-at-most-k-distinct-characters,Easy
3546,Equal Sum Grid Partition I,equal-sum-grid-partition-i,Medium
3547,Maximum Sum of Edge Values in a Graph,maximum-sum-of-edge-values-in-a-graph,Hard
3548,Equal Sum Grid Partition II,equal-sum-grid-partition-ii,Hard
3550,Smallest Index With Digit Sum Equal to Index,smallest-index-with-digit-sum-equal-to-index,Easy
3551,Minimum Swaps to Sort by Digit Sum,minimum-swaps-to-sort-by-digit-sum,Medium
3552,Grid Teleportation Traversal,grid-teleportation-traversal,Medium
3553,Minimum Weighted Subgraph With the Required Paths II,minimum-weighted-subgraph-with-the-required-paths-ii,Hard
3556,Sum of Largest Prime Substrings,sum-of-largest-prime-substrings,Medium
3557,Find Maximum Number of Non Intersecting Substrings,find-maximum-number-of-non-intersecting-substrings,Medium
3558,Number of Ways to Assign Edge Weights I,number-of-ways-to-assign-edge-weights-i,Medium
3559,Number of Ways to Assign Edge Weights II,number-of-ways-to-assign-edge-weights-ii,Hard
3560,Find Minimum Log Transportation Cost,find-minimum-log-transportation-cost,Easy
3561,Resulting String After Adjacent Removals,resulting-string-after-adjacent-removals,Medium
3562,Maximum Profit from Trading Stocks with Discounts,maximum-profit-from-trading-stocks-with-discounts,Hard
3563,Lexicographically Smallest String After Adjacent Removals,lexicographically-smallest-string-after-adjacent-removals,Hard
3566,Partition Array into Two Equal Product Subsets,partition-array-into-two-equal-product-subsets,Medium
3567,Minimum Absolute Difference in Sliding Submatrix,minimum-absolute-difference-in-sliding-submatrix,Medium
3568,Minimum Moves to Clean the Classroom,minimum-moves-to-clean-the-classroom,Medium
3569,Maximize Count of Distinct Primes After Split,maximize-count-of-distinct-primes-after-split,Hard
3572,Maximize Y‑Sum by Picking a Triplet of Distinct X‑Values,maximize-ysum-by-picking-a-triplet-of-distinct-xvalues,Medium
3573,Best Time to Buy and Sell Stock V,best-time-to-buy-and-sell-stock-v,Medium
3574,Maximize Subarray GCD Score,maximize-subarray-gcd-score,Hard
3575,Maximum Good Subtree Score,maximum-good-subtree-score,Hard
3576,Transform Array to All Equal Elements,transform-array-to-all-equal-elements,Medium
3577,Count the Number of Computer Unlocking Permutations,count-the-number-of-computer-unlocking-permutations,Medium
3578,Count Partitions With Max-Min Difference at Most K,count-partitions-with-max-min-difference-at-most-k,Medium
3579,Minimum Steps to Convert String with Operations,minimum-steps-to-convert-string-with-operations,Hard
3582,Generate Tag for Video Caption,generate-tag-for-video-caption,Easy
3583,Count Special Triplets,count-special-triplets,Medium
3584,Maximum Product of First and Last Elements of a Subsequence,maximum-product-of-first-and-last-elements-of-a-subsequence,Medium
3585,Find Weighted Median Node in Tree,find-weighted-median-node-in-tree,Hard
3587,Minimum Adjacent Swaps to Alternate Parity,minimum-adjacent-swaps-to-alternate-parity,Medium
3588,Find Maximum Area of a Triangle,find-maximum-area-of-a-triangle,Medium
3589,Count Prime-Gap Balanced Subarrays,count-prime-gap-balanced-subarrays,Medium
3590,Kth Smallest Path XOR Sum,kth-smallest-path-xor-sum,Hard
3591,Check if Any Element Has Prime Frequency,check-if-any-element-has-prime-frequency,Easy
3592,Inverse Coin Change,inverse-coin-change,Medium
3593,Minimum Increments to Equalize Leaf Paths,minimum-increments-to-equalize-leaf-paths,Medium
3594,Minimum Time to Transport All Individuals,minimum-time-to-transport-all-individuals,Hard
3597,Partition String ,partition-string,Medium
3598,Longest Common Prefix Between Adjacent Strings After Removals,longest-common-prefix-between-adjacent-strings-after-removals,Medium
3599,Partition Array to Minimize XOR,partition-array-to-minimize-xor,Medium
3600,Maximize Spanning Tree Stability with Upgrades,maximize-spanning-tree-stability-with-upgrades,Hard
3602,Hexadecimal and Hexatrigesimal Conversion,hexadecimal-and-hexatrigesimal-conversion,Easy
3603,Minimum Cost Path with Alternating Directions II,minimum-cost-path-with-alternating-directions-ii,Medium
3604,Minimum Time to Reach Destination in Directed Graph,minimum-time-to-reach-destination-in-directed-graph,Medium
3605,Minimum Stability Factor of Array,minimum-stability-factor-of-array,Hard
3606,Coupon Code Validator,coupon-code-validator,Easy
3607,Power Grid Maintenance,power-grid-maintenance,Medium
3608,Minimum Time for K Connected Components,minimum-time-for-k-connected-components,Medium
3609,Minimum Moves to Reach Target in Grid,minimum-moves-to-reach-target-in-grid,Hard
3612,Process String with Special Operations I,process-string-with-special-operations-i,Medium
3613,Minimize Maximum Component Cost,minimize-maximum-component-cost,Medium
3614,Process String with Special Operations II,process-string-with-special-operations-ii,Hard
3615,Longest Palindromic Path in Graph,longest-palindromic-path-in-graph,Hard
3618,Split Array by Prime Indices,split-array-by-prime-indices,Medium
3619,Count Islands With Total Value Divisible by K,count-islands-with-total-value-divisible-by-k,Medium
3620,Network Recovery Pathways,network-recovery-pathways,Hard
3621,Number of Integers With Popcount-Depth Equal to K I,number-of-integers-with-popcount-depth-equal-to-k-i,Hard
3622,Check Divisibility by Digit Sum and Product,check-divisibility-by-digit-sum-and-product,Easy
3623,Count Number of Trapezoids I,count-number-of-trapezoids-i,Medium
3624,Number of Integers With Popcount-Depth Equal to K II,number-of-integers-with-popcount-depth-equal-to-k-ii,Hard
3625,Count Number of Trapezoids II,count-number-of-trapezoids-ii,Hard
3627,Maximum Median Sum of Subsequences of Size 3,maximum-median-sum-of-subsequences-of-size-3,Medium
3628,Maximum Number of Subsequences After One Inserting,maximum-number-of-subsequences-after-one-inserting,Medium
3629,Minimum Jumps to Reach End via Prime Teleportation,minimum-jumps-to-reach-end-via-prime-teleportation,Medium
3630,Partition Array for Maximum XOR and AND,partition-array-for-maximum-xor-and-and,Hard
3633,Earliest Finish Time for Land and Water Rides I,earliest-finish-time-for-land-and-water-rides-i,Easy
3634,Minimum Removals to Balance Array,minimum-removals-to-balance-array,Medium
3635,Earliest Finish Time for Land and Water Rides II,earliest-finish-time-for-land-and-water-rides-ii,Medium
3636,Threshold Majority Queries,threshold-majority-queries,Hard
3637,Trionic Array I,trionic-array-i,Easy
3638,Maximum Balanced Shipments,maximum-balanced-shipments,Medium
3639,Minimum Time to Activate String,minimum-time-to-activate-string,Medium
3640,Trionic Array II,trionic-array-ii,Hard
3643,Flip Square Submatrix Vertically,flip-square-submatrix-vertically,Easy
3644,Maximum K to Sort a Permutation,maximum-k-to-sort-a-permutation,Medium
3645,Maximum Total from Optimal Activation Order,maximum-total-from-optimal-activation-order,Medium
3646,Next Special Palindrome Number,next-special-palindrome-number,Hard
3648,Minimum Sensors to Cover Grid,minimum-sensors-to-cover-grid,Medium
3649,Number of Perfect Pairs,number-of-perfect-pairs,Medium
3650,Minimum Cost Path with Edge Reversals,minimum-cost-path-with-edge-reversals,Medium
3651,Minimum Cost Path with Teleportations,minimum-cost-path-with-teleportations,Hard
3652,Best Time to Buy and Sell Stock using Strategy,best-time-to-buy-and-sell-stock-using-strategy,Medium
3653,XOR After Range Multiplication Queries I,xor-after-range-multiplication-queries-i,Medium
3654,Minimum Sum After Divisible Sum Deletions,minimum-sum-after-divisible-sum-deletions,Medium
3655,XOR After Range Multiplication Queries II,xor-after-range-multiplication-queries-ii,Hard
3658,GCD of Odd and Even Sums,gcd-of-odd-and-even-sums,Easy
3659,Partition Array Into K-Distinct Groups,partition-array-into-k-distinct-groups,Medium
3660,Jump Game IX,jump-game-ix,Medium
3661,Maximum Walls Destroyed by Robots,maximum-walls-destroyed-by-robots,Hard
3663,Find The Least Frequent Digit,find-the-least-frequent-digit,Easy
3664,Two-Letter Card Game,two-letter-card-game,Medium
3665,Twisted Mirror Path Count,twisted-mirror-path-count,Medium
3666,Minimum Operations to Equalize Binary String,minimum-operations-to-equalize-binary-string,Hard
3668,Restore Finishing Order,restore-finishing-order,Easy
3669,Balanced K-Factor Decomposition,balanced-k-factor-decomposition,Medium
3670,Maximum Product of Two Integers With No Common Bits,maximum-product-of-two-integers-with-no-common-bits,Medium
3671,Sum of Beautiful Subsequences,sum-of-beautiful-subsequences,Hard
3674,Minimum Operations to Equalize Array,minimum-operations-to-equalize-array,Easy
3675,Minimum Operations to Transform String,minimum-operations-to-transform-string,Medium
3676,Count Bowl Subarrays,count-bowl-subarrays,Medium
3677,Count Binary Palindromic Numbers,count-binary-palindromic-numbers,Hard
3678,Smallest Absent Positive Greater Than Average,smallest-absent-positive-greater-than-average,Easy
3679, Minimum Discards to Balance Inventory,minimum-discards-to-balance-inventory,Medium
3680,Generate Schedule,generate-schedule,Medium
3681,Maximum XOR of Subsequences,maximum-xor-of-subsequences,Hard
3683,Earliest Time to Finish One Task,earliest-time-to-finish-one-task,Easy
3684,Maximize Sum of At Most K Distinct Elements,maximize-sum-of-at-most-k-distinct-elements,Easy
3685,Subsequence Sum After Capping Elements,subsequence-sum-after-capping-elements,Medium
3686,Number of Stable Subsequences,number-of-stable-subsequences,Hard
3688,Bitwise OR of Even Numbers in an Array,bitwise-or-of-even-numbers-in-an-array,Easy
3689,Maximum Total Subarray Value I,maximum-total-subarray-value-i,Medium
3690,Split and Merge Array Transformation,split-and-merge-array-transformation,Medium
3691,Maximum Total Subarray Value II,maximum-total-subarray-value-ii,Hard
3692,Majority Frequency Characters,majority-frequency-characters,Easy
3693,Climbing Stairs II,climbing-stairs-ii,Medium
3694,Distinct Points Reachable After Substring Removal,distinct-points-reachable-after-substring-removal,Medium
3695,Maximize Alternating Sum Using Swaps,maximize-alternating-sum-using-swaps,Hard
3697,Compute Decimal Representation,compute-decimal-representation,Easy
3698,Split Array With Minimum Difference,split-array-with-minimum-difference,Medium
3699,Number of ZigZag Arrays I,number-of-zigzag-arrays-i,Hard
3700,Number of ZigZag Arrays II,number-of-zigzag-arrays-ii,Hard
3701,Compute Alternating Sum,compute-alternating-sum,Easy
3702,Longest Subsequence With Non-Zero Bitwise XOR,longest-subsequence-with-non-zero-bitwise-xor,Medium
3703,Remove K-Balanced Substrings,remove-k-balanced-substrings,Medium
3704,Count No-Zero Pairs That Sum to N,count-no-zero-pairs-that-sum-to-n,Hard
3707,Equal Score Substrings,equal-score-substrings,Easy
3708,Longest Fibonacci Subarray,longest-fibonacci-subarray,Medium
3709,Design Exam Scores Tracker,design-exam-scores-tracker,Medium
3710,Maximum Partition Factor,maximum-partition-factor,Hard
3712,Sum of Elements With Frequency Divisible by K,sum-of-elements-with-frequency-divisible-by-k,Easy
3713,Longest Balanced Substring I,longest-balanced-substring-i,Medium
3714,Longest Balanced Substring II,longest-balanced-substring-ii,Medium
3715,Sum of Perfect Square Ancestors,sum-of-perfect-square-ancestors,Hard
3718,Smallest Missing Multiple of K,smallest-missing-multiple-of-k,Easy
3719,Longest Balanced Subarray I,longest-balanced-subarray-i,Medium
3720,Lexicographically Smallest Permutation Greater Than Target,lexicographically-smallest-permutation-greater-than-target,Medium
3721,Longest Balanced Subarray II,longest-balanced-subarray-ii,Hard
3722,Lexicographically Smallest String After Reverse,lexicographically-smallest-string-after-reverse,Medium
3723,Maximize Sum of Squares of Digits,maximize-sum-of-squares-of-digits,Medium
3724,Minimum Operations to Transform Array,minimum-operations-to-transform-array,Medium
3725,Count Ways to Choose Coprime Integers from Rows,count-ways-to-choose-coprime-integers-from-rows,Hard
3726,Remove Zeros in Decimal Representation,remove-zeros-in-decimal-representation,Easy
3727,Maximum Alternating Sum of Squares,maximum-alternating-sum-of-squares,Medium
3728,Stable Subarrays With Equal Boundary and Interior Sum,stable-subarrays-with-equal-boundary-and-interior-sum,Medium
3729,Count Distinct Subarrays Divisible by K in Sorted Array,count-distinct-subarrays-divisible-by-k-in-sorted-array,Hard
3731,Find Missing Elements,find-missing-elements,Easy
3732,Maximum Product of Three Elements After One Replacement,maximum-product-of-three-elements-after-one-replacement,Medium
3733,Minimum Time to Complete All Deliveries,minimum-time-to-complete-all-deliveries,Medium
3734,Lexicographically Smallest Palindromic Permutation Greater Than Target,lexicographically-smallest-palindromic-permutation-greater-than-target,Hard
3736,Minimum Moves to Equal Array Elements III,minimum-moves-to-equal-array-elements-iii,Easy
3737,Count Subarrays With Majority Element I,count-subarrays-with-majority-element-i,Medium
3738,Longest Non-Decreasing Subarray After Replacing at Most One Element,longest-non-decreasing-subarray-after-replacing-at-most-one-element,Medium
3739,Count Subarrays With Majority Element II,count-subarrays-with-majority-element-ii,Hard
3740,Minimum Distance Between Three Equal Elements I,minimum-distance-between-three-equal-elements-i,Easy
3741,Minimum Distance Between Three Equal Elements II,minimum-distance-between-three-equal-elements-ii,Medium
3742,Maximum Path Score in a Grid,maximum-path-score-in-a-grid,Medium
3743,Maximize Cyclic Partition Score,maximize-cyclic-partition-score,Hard
3745,Maximize Expression of Three Elements,maximize-expression-of-three-elements,Easy
3746,Minimum String Length After Balanced Removals,minimum-string-length-after-balanced-removals,Medium
3747,Count Distinct Integers After Removing Zeros,count-distinct-integers-after-removing-zeros,Medium
3748,Count Stable Subarrays,count-stable-subarrays,Hard
3750,Minimum Number of Flips to Reverse Binary String,minimum-number-of-flips-to-reverse-binary-string,Easy
3751,Total Waviness of Numbers in Range I,total-waviness-of-numbers-in-range-i,Medium
3752,Lexicographically Smallest Negated Permutation that Sums to Target,lexicographically-smallest-negated-permutation-that-sums-to-target,Medium
3753,Total Waviness of Numbers in Range II,total-waviness-of-numbers-in-range-ii,Hard
3754,Concatenate Non-Zero Digits and Multiply by Sum I,concatenate-non-zero-digits-and-multiply-by-sum-i,Easy
3755,Find Maximum Balanced XOR Subarray Length,find-maximum-balanced-xor-subarray-length,Medium
3756,Concatenate Non-Zero Digits and Multiply by Sum II,concatenate-non-zero-digits-and-multiply-by-sum-ii,Medium
3757,Number of Effective Subsequences,number-of-effective-subsequences,Hard
3759,Count Elements With at Least K Greater Values,count-elements-with-at-least-k-greater-values,Medium
3760,Maximum Substrings With Distinct Start,maximum-substrings-with-distinct-start,Medium
3761,Minimum Absolute Distance Between Mirror Pairs,minimum-absolute-distance-between-mirror-pairs,Medium
3762,Minimum Operations to Equalize Subarrays,minimum-operations-to-equalize-subarrays,Hard
3765,Complete Prime Number,complete-prime-number,Medium
3766,Minimum Operations to Make Binary Palindrome,minimum-operations-to-make-binary-palindrome,Medium
3767,Maximize Points After Choosing K Tasks,maximize-points-after-choosing-k-tasks,Medium
3768,Minimum Inversion Count in Subarrays of Fixed Length,minimum-inversion-count-in-subarrays-of-fixed-length,Hard
3769,Sort Integers by Binary Reflection,sort-integers-by-binary-reflection,Easy
3770,Largest Prime from Consecutive Prime Sum,largest-prime-from-consecutive-prime-sum,Medium
3771,Total Score of Dungeon Runs,total-score-of-dungeon-runs,Medium
3772,Maximum Subgraph Score in a Tree,maximum-subgraph-score-in-a-tree,Hard
3774,Absolute Difference Between Maximum and Minimum K Elements,absolute-difference-between-maximum-and-minimum-k-elements,Easy
3775,Reverse Words With Same Vowel Count,reverse-words-with-same-vowel-count,Medium
3776,Minimum Moves to Balance Circular Array,minimum-moves-to-balance-circular-array,Medium
3777,Minimum Deletions to Make Alternating Substring,minimum-deletions-to-make-alternating-substring,Hard
3779,Minimum Number of Operations to Have Distinct Elements,minimum-number-of-operations-to-have-distinct-elements,Medium
3780,Maximum Sum of Three Numbers Divisible by Three,maximum-sum-of-three-numbers-divisible-by-three,Medium
3781,Maximum Score After Binary Swaps,maximum-score-after-binary-swaps,Medium
3782,Last Remaining Integer After Alternating Deletion Operations,last-remaining-integer-after-alternating-deletion-operations,Hard
3783,Mirror Distance of an Integer,mirror-distance-of-an-integer,Easy
3784,Minimum Deletion Cost to Make All Characters Equal,minimum-deletion-cost-to-make-all-characters-equal,Medium
3785,Minimum Swaps to Avoid Forbidden Values,minimum-swaps-to-avoid-forbidden-values,Hard
3786,Total Sum of Interaction Cost in Tree Groups,total-sum-of-interaction-cost-in-tree-groups,Hard
3788,Maximum Score of a Split,maximum-score-of-a-split,Medium
3789,Minimum Cost to Acquire Required Items,minimum-cost-to-acquire-required-items,Medium
3790,Smallest All-Ones Multiple,smallest-all-ones-multiple,Medium
3791,Number of Balanced Integers in a Range,number-of-balanced-integers-in-a-range,Hard
3794,Reverse String Prefix,reverse-string-prefix,Easy
3795,Minimum Subarray Length With Distinct Sum At Least K,minimum-subarray-length-with-distinct-sum-at-least-k,Medium
3796,Find Maximum Value in a Constrained Sequence,find-maximum-value-in-a-constrained-sequence,Medium
3797,Count Routes to Climb a Rectangular Grid,count-routes-to-climb-a-rectangular-grid,Hard
3798,Largest Even Number,largest-even-number,Easy
3799,Word Squares II,word-squares-ii,Medium
3800,Minimum Cost to Make Two Binary Strings Equal,minimum-cost-to-make-two-binary-strings-equal,Medium
3801,Minimum Cost to Merge Sorted Lists,minimum-cost-to-merge-sorted-lists,Hard
3803,Count Residue Prefixes,count-residue-prefixes,Easy
3804,Number of Centered Subarrays,number-of-centered-subarrays,Medium
3805,Count Caesar Cipher Pairs,count-caesar-cipher-pairs,Medium
3806,Maximum Bitwise AND After Increment Operations,maximum-bitwise-and-after-increment-operations,Hard
3809,Best Reachable Tower,best-reachable-tower,Medium
3810,Minimum Operations to Reach Target Array,minimum-operations-to-reach-target-array,Medium
3811,Number of Alternating XOR Partitions,number-of-alternating-xor-partitions,Medium
3812,Minimum Edge Toggles on a Tree,minimum-edge-toggles-on-a-tree,Hard
3813,Vowel-Consonant Score,vowel-consonant-score,Easy
3814,Maximum Capacity Within Budget,maximum-capacity-within-budget,Medium
3815,Design Auction System,design-auction-system,Medium
3816,Lexicographically Smallest String After Deleting Duplicate Characters,lexicographically-smallest-string-after-deleting-duplicate-characters,Hard
3818,Minimum Prefix Removal to Make Array Strictly Increasing,minimum-prefix-removal-to-make-array-strictly-increasing,Medium
3819,Rotate Non Negative Elements,rotate-non-negative-elements,Medium
3820,Pythagorean Distance Nodes in a Tree,pythagorean-distance-nodes-in-a-tree,Medium
3821,Find Nth Smallest Integer With K One Bits,find-nth-smallest-integer-with-k-one-bits,Hard
3823,Reverse Letters Then Special Characters in a String,reverse-letters-then-special-characters-in-a-string,Easy
3824,Minimum K to Reduce Array Within Limit,minimum-k-to-reduce-array-within-limit,Medium
3825,Longest Strictly Increasing Subsequence With Non-Zero Bitwise AND,longest-strictly-increasing-subsequence-with-non-zero-bitwise-and,Medium
3826,Minimum Partition Score,minimum-partition-score,Hard
3827,Count Monobit Integers,count-monobit-integers,Easy
3828,Final Element After Subarray Deletions,final-element-after-subarray-deletions,Medium
3829,Design Ride Sharing System,design-ride-sharing-system,Medium
3830,Longest Alternating Subarray After Removing At Most One Element,longest-alternating-subarray-after-removing-at-most-one-element,Hard
3833,Count Dominant Indices,count-dominant-indices,Easy
3834,Merge Adjacent Equal Elements,merge-adjacent-equal-elements,Medium
3835,Count Subarrays With Cost Less Than or Equal to K,count-subarrays-with-cost-less-than-or-equal-to-k,Medium
3836,Maximum Score Using Exactly K Pairs,maximum-score-using-exactly-k-pairs,Hard
3838,Weighted Word Mapping,weighted-word-mapping,Easy
3839,Number of Prefix Connected Groups,number-of-prefix-connected-groups,Medium
3840,House Robber V,house-robber-v,Medium
3841,Palindromic Path Queries in a Tree,palindromic-path-queries-in-a-tree,Hard
3842,Toggle Light Bulbs,toggle-light-bulbs,Easy
3843,First Element with Unique Frequency,first-element-with-unique-frequency,Medium
3844,Longest Almost-Palindromic Substring,longest-almost-palindromic-substring,Medium
3845,Maximum Subarray XOR with Bounded Range,maximum-subarray-xor-with-bounded-range,Hard
3847,Find the Score Difference in a Game,find-the-score-difference-in-a-game,Medium
3848,Check Digitorial Permutation,check-digitorial-permutation,Medium
3849,Maximum Bitwise XOR After Rearrangement,maximum-bitwise-xor-after-rearrangement,Medium
3850,Count Sequences to K,count-sequences-to-k,Hard
3852,Smallest Pair With Different Frequencies,smallest-pair-with-different-frequencies,Easy
3853,Merge Close Characters,merge-close-characters,Medium
3854,Minimum Operations to Make Array Parity Alternating,minimum-operations-to-make-array-parity-alternating,Medium
3855,Sum of K-Digit Numbers in a Range,sum-of-k-digit-numbers-in-a-range,Hard
3856,Trim Trailing Vowels,trim-trailing-vowels,Easy
3857,Minimum Cost to Split into Ones,minimum-cost-to-split-into-ones,Medium
3858,Minimum Bitwise OR From Grid,minimum-bitwise-or-from-grid,Medium
3859,Count Subarrays With K Distinct Integers,count-subarrays-with-k-distinct-integers,Hard
3861,Minimum Capacity Box,minimum-capacity-box,Easy
3862,Find the Smallest Balanced Index,find-the-smallest-balanced-index,Medium
3863,Minimum Operations to Sort a String,minimum-operations-to-sort-a-string,Medium
3864,Minimum Cost to Partition a Binary String,minimum-cost-to-partition-a-binary-string,Hard
3866,First Unique Even Element,first-unique-even-element,Easy
3867,Sum of GCD of Formed Pairs,sum-of-gcd-of-formed-pairs,Medium
3868,Minimum Cost to Equalize Arrays Using Swaps,minimum-cost-to-equalize-arrays-using-swaps,Medium
3869,Count Fancy Numbers in a Range,count-fancy-numbers-in-a-range,Hard
3870,Count Commas in Range,count-commas-in-range,Easy
3871,Count Commas in Range II,count-commas-in-range-ii,Medium
3872,Longest Arithmetic Sequence After Changing At Most One Element,longest-arithmetic-sequence-after-changing-at-most-one-element,Medium
3873,Maximum Points Activated with One Addition,maximum-points-activated-with-one-addition,Hard
3875,Construct Uniform Parity Array I,construct-uniform-parity-array-i,Easy
3876,Construct Uniform Parity Array II,construct-uniform-parity-array-ii,Medium
3877,Minimum Removals to Achieve Target XOR,minimum-removals-to-achieve-target-xor,Medium
3878,Count Good Subarrays,count-good-subarrays,Hard
3880,Minimum Absolute Difference Between Two Values,minimum-absolute-difference-between-two-values,Easy
3881,Direction Assignments with Exactly K Visible People,direction-assignments-with-exactly-k-visible-people,Medium
3882,Minimum XOR Path in a Grid,minimum-xor-path-in-a-grid,Medium
3883,Count Non Decreasing Arrays With Given Digit Sums,count-non-decreasing-arrays-with-given-digit-sums,Hard
3884,First Matching Character From Both Ends,first-matching-character-from-both-ends,Easy
3885,Design Event Manager,design-event-manager,Medium
3886,Sum of Sortable Integers,sum-of-sortable-integers,Hard
3887,Incremental Even-Weighted Cycle Queries,incremental-even-weighted-cycle-queries,Hard
3889,Mirror Frequency Distance,mirror-frequency-distance,Medium
3890,Integers With Multiple Sum of Two Cubes,integers-with-multiple-sum-of-two-cubes,Medium
3891,Minimum Increase to Maximize Special Indices,minimum-increase-to-maximize-special-indices,Medium
3892,Minimum Operations to Achieve At Least K Peaks,minimum-operations-to-achieve-at-least-k-peaks,Hard
3894,Traffic Signal Color,traffic-signal-color,Easy
3895,Count Digit Appearances,count-digit-appearances,Medium
3896,Minimum Operations to Transform Array into Alternating Prime,minimum-operations-to-transform-array-into-alternating-prime,Medium
3897,Maximum Value of Concatenated Binary Segments,maximum-value-of-concatenated-binary-segments,Hard
3898,Find the Degree of Each Vertex,find-the-degree-of-each-vertex,Easy
3899,Angles of a Triangle,angles-of-a-triangle,Medium
3900,Longest Balanced Substring After One Swap,longest-balanced-substring-after-one-swap,Medium
3901,Good Subsequence Queries,good-subsequence-queries,Hard
3903,Smallest Stable Index I,smallest-stable-index-i,Easy
3904,Smallest Stable Index II,smallest-stable-index-ii,Medium
3905,Multi Source Flood Fill,multi-source-flood-fill,Medium
3906,Count Good Integers on a Grid Path,count-good-integers-on-a-grid-path,Hard
3908,Valid Digit Number,valid-digit-number,Easy
3909,Compare Sums of Bitonic Parts,compare-sums-of-bitonic-parts,Medium
3910,Count Connected Subgraphs with Even Node Sum,count-connected-subgraphs-with-even-node-sum,Hard
3911,K-th Smallest Remaining Even Integer in Subarray Queries,k-th-smallest-remaining-even-integer-in-subarray-queries,Hard
3912,Valid Elements in an Array,valid-elements-in-an-array,Easy
3913,Sort Vowels by Frequency,sort-vowels-by-frequency,Medium
3914,Minimum Operations to Make Array Non Decreasing,minimum-operations-to-make-array-non-decreasing,Medium
3915,Maximum Sum of Alternating Subsequence With Distance at Least K,maximum-sum-of-alternating-subsequence-with-distance-at-least-k,Hard
3917,Count Indices With Opposite Parity,count-indices-with-opposite-parity,Easy
3918,Sum of Primes Between Number and Its Reverse,sum-of-primes-between-number-and-its-reverse,Medium
3919,Minimum Cost to Move Between Indices,minimum-cost-to-move-between-indices,Medium
3920,Maximize Fixed Points After Deletions,maximize-fixed-points-after-deletions,Hard
3921,Score Validator,score-validator,Easy
3922,Minimum Flips to Make Binary String Coherent,minimum-flips-to-make-binary-string-coherent,Medium
3923,Minimum Generations to Target Point,minimum-generations-to-target-point,Medium
3924,Minimum Threshold Path With Limited Heavy Edges,minimum-threshold-path-with-limited-heavy-edges,Hard
3925,Concatenate Array With Reverse,concatenate-array-with-reverse,Easy
3926,Count Valid Word Occurrences,count-valid-word-occurrences,Medium
3927,Minimize Array Sum Using Divisible Replacements,minimize-array-sum-using-divisible-replacements,Medium
3928,Minimum Cost to Buy Apples II,minimum-cost-to-buy-apples-ii,Hard
3931,Check Adjacent Digit Differences,check-adjacent-digit-differences,Easy
3932,Count K-th Roots in a Range,count-k-th-roots-in-a-range,Medium
3933,Largest Local Values in a Matrix II,largest-local-values-in-a-matrix-ii,Medium
3934,Smallest Unique Subarray,smallest-unique-subarray,Hard
3936,Minimum Swaps to Move Zeros to End,minimum-swaps-to-move-zeros-to-end,Easy
3937,Minimum Operations to Make Array Modulo Alternating I,minimum-operations-to-make-array-modulo-alternating-i,Medium
3938,Maximum Path Intersection Sum in a Grid,maximum-path-intersection-sum-in-a-grid,Medium
3939,Count Non Adjacent Subsets in a Rooted Tree,count-non-adjacent-subsets-in-a-rooted-tree,Hard
3940,Limit Occurrences in Sorted Array,limit-occurrences-in-sorted-array,Easy
3941,Password Strength,password-strength,Medium
3942,Minimum Operations to Sort a Permutation,minimum-operations-to-sort-a-permutation,Medium
3943,Number of Pairs After Increment,number-of-pairs-after-increment,Hard
3945,Digit Frequency Score,digit-frequency-score,Easy
3946,Maximum Number of Items From Sale I,maximum-number-of-items-from-sale-i,Medium
3947,Maximum Number of Items From Sale II,maximum-number-of-items-from-sale-ii,Medium
3948,Lexicographically Maximum MEX Array,lexicographically-maximum-mex-array,Hard
3950,Exactly One Consecutive Set Bits Pair,exactly-one-consecutive-set-bits-pair,Easy
3951,Minimum Energy to Maintain Brightness,minimum-energy-to-maintain-brightness,Medium
3952,Maximum Total Value of Covered Indices,maximum-total-value-of-covered-indices,Medium
3953,Maximum Score with Co-Prime Element,maximum-score-with-co-prime-element,Hard
3954,Sum of Compatible Numbers in Range I,sum-of-compatible-numbers-in-range-i,Easy
3955,Valid Binary Strings With Cost Limit,valid-binary-strings-with-cost-limit,Medium
3956,Maximum Sum of M Non-Overlapping Subarrays I,maximum-sum-of-m-non-overlapping-subarrays-i,Hard
3957,Maximum Sum of M Non-Overlapping Subarrays II,maximum-sum-of-m-non-overlapping-subarrays-ii,Hard
3959,Check Good Integer,check-good-integer,Easy
3960,Frequency Balance Subarray,frequency-balance-subarray,Medium
3961,Maximize Sum of Device Ratings,maximize-sum-of-device-ratings,Medium
3962,Maximum Subarray Sum After at Most K Swaps,maximum-subarray-sum-after-at-most-k-swaps,Hard
3963,Create Grid With Exactly One Path,create-grid-with-exactly-one-path,Easy
3964,Minimum Lights to Illuminate a Road,minimum-lights-to-illuminate-a-road,Medium
3965,Finish Time of Tasks I,finish-time-of-tasks-i,Medium
3966,Count Good Integers in a Range,count-good-integers-in-a-range,Hard
3968,Maximum Manhattan Distance After All Moves,maximum-manhattan-distance-after-all-moves,Medium
3969,Valid Subarrays With Matching Sum Digits I,valid-subarrays-with-matching-sum-digits-i,Medium
3970,Shortest Path With At Most K Consecutive Identical Characters,shortest-path-with-at-most-k-consecutive-identical-characters,Medium
3971,Maximum Total Value,maximum-total-value,Hard
3974,Maximum Total Sum of K Selected Elements,maximum-total-sum-of-k-selected-elements,Medium
3975,Filter Occupied Intervals,filter-occupied-intervals,Medium
3976,Maximum Subarray Sum After Multiplier,maximum-subarray-sum-after-multiplier,Medium
3977,Minimum Time to Reach Target With Limited Power,minimum-time-to-reach-target-with-limited-power,Hard
3978,Unique Middle Element,unique-middle-element,Easy
3979,Maximum Valid Pair Sum,maximum-valid-pair-sum,Medium
3980,Minimum Operations to Transform Binary String,minimum-operations-to-transform-binary-string,Medium
3981,Count Distinct Ways to Form Target from Two Strings,count-distinct-ways-to-form-target-from-two-strings,Hard
3982,Sum of Integers with Maximum Digit Range,sum-of-integers-with-maximum-digit-range,Easy
3983,Subsequence After One Replacement,subsequence-after-one-replacement,Medium
3984,Divisible Game,divisible-game,Medium
3985,Palindromic Subarray Sum,palindromic-subarray-sum,Hard
3986,Number of Elapsed Seconds Between Two Times,number-of-elapsed-seconds-between-two-times,Easy
3987,Minimum Total Cost to Process All Elements,minimum-total-cost-to-process-all-elements,Medium
3988,Create Grid With Exactly K Paths I,create-grid-with-exactly-k-paths-i,Medium
3989,Maximum Consistent Columns in a Grid,maximum-consistent-columns-in-a-grid,Hard
3992,Rearrange String to Avoid Character Pair,rearrange-string-to-avoid-character-pair,Easy
3993,Maximum Value of an Alternating Sequence,maximum-value-of-an-alternating-sequence,Medium
3994,Minimum Adjacent Swaps to Partition Array,minimum-adjacent-swaps-to-partition-array,Medium
3995,Minimum Cost to Convert String III,minimum-cost-to-convert-string-iii,Hard
3996,Even Number of Knight Moves,even-number-of-knight-moves,Easy
3997,Count Dominant Nodes in a Binary Tree,count-dominant-nodes-in-a-binary-tree,Medium
3998,Transform Binary String Using Subsequence Sort,transform-binary-string-using-subsequence-sort,Medium
3999,Minimum Number of String Groups Through Transformations,minimum-number-of-string-groups-through-transformations,Hard
4000,Largest Integer With Given Digit Sum,largest-integer-with-given-digit-sum,Easy
4001,Aggregate Two Time Series,aggregate-two-time-series,Medium
4002,Count Valid Sequences,count-valid-sequences,Medium
4003,Minimum Cost Path with Alternating Directions III,minimum-cost-path-with-alternating-directions-iii,Hard
4006,Count Valid Prefixes,count-valid-prefixes,Easy
4007,Widest Possible Fence,widest-possible-fence,Hard
4008,Minimum Initial Strength to Defeat All Monsters,minimum-initial-strength-to-defeat-all-monsters,Medium
4009,Minimum Possible Maximum Waiting Time,minimum-possible-maximum-waiting-time,Hard
4010,Maximize Pair Strength Using GCD,maximize-pair-strength-using-gcd,Easy
4011,Count Subarrays With Even Odd Ratio I,count-subarrays-with-even-odd-ratio-i,Medium
4012,Count of Unfinished Tasks After Each Shift,count-of-unfinished-tasks-after-each-shift,Medium
4013,Count Subarrays With Even Odd Ratio II,count-subarrays-with-even-odd-ratio-ii,Hard
4014,Minimum Total Price After Applying Discounts,minimum-total-price-after-applying-discounts,Medium
4015,Weighted Sum of a Tree,weighted-sum-of-a-tree,Medium
4016,Maximum Area of Two Non-Overlapping Square Submatrices,maximum-area-of-two-non-overlapping-square-submatrices,Medium
4017,Peaks in Array II,peaks-in-array-ii,Hard
4020,Elevator Requests I,elevator-requests-i,Easy
4021,Minimum Operations to Make a Rotated Palindrome I,minimum-operations-to-make-a-rotated-palindrome-i,Medium
4022,K-th Digit in Infinite String,k-th-digit-in-infinite-string,Medium
4023,Elevator Requests II,elevator-requests-ii,Hard
4024,Nearest Available Drone,nearest-available-drone,Easy
4025,Minimize the Maximum Waiting Time at Synchronized Traffic Lights,minimize-the-maximum-waiting-time-at-synchronized-traffic-lights,Medium
4026,Maximum Gap Between Stations,maximum-gap-between-stations,Medium
4027,Elevator Requests III,elevator-requests-iii,Hard
4030,Check ASCII Palindromic,check-ascii-palindromic,Easy
4031,Find All Numbers Disappeared in an Array II,find-all-numbers-disappeared-in-an-array-ii,Medium
4032,Longest Subarray With at Most K Distinct Prime Factors,longest-subarray-with-at-most-k-distinct-prime-factors,Medium
4033,Valid K-Unique Subarrays I,valid-k-unique-subarrays-i,Hard
4034,Minimum Bishop Moves to Reach Target,minimum-bishop-moves-to-reach-target,Medium
4035,Maximum Valid Split Positions I,maximum-valid-split-positions-i,Medium
4036,Lexicographically Largest String After Pair Transformations,lexicographically-largest-string-after-pair-transformations,Medium
4037,Maximum Valid Split Positions II,maximum-valid-split-positions-ii,Hard
4038,Count Integers Appearing in a Single Block,count-integers-appearing-in-a-single-block,Easy
4039,Sum of Decoded Numbers,sum-of-decoded-numbers,Medium
4040,Minimum Operations to Form Subset Sum I,minimum-operations-to-form-subset-sum-i,Medium
4041,Minimum Operations to Form Subset Sum II,minimum-operations-to-form-subset-sum-ii,Hard
4043,Count Rotations With Exactly K Equal Adjacent Pairs,count-rotations-with-exactly-k-equal-adjacent-pairs,Easy
4044,Count Good Cyclic Rotations,count-good-cyclic-rotations,Medium
4045,Count Robot Groups,count-robot-groups,Medium
4046,Minimum Cost Path With At Most K Turns,minimum-cost-path-with-at-most-k-turns,Hard
4048,Count Values With Equally Spaced Occurrences I,count-values-with-equally-spaced-occurrences-i,Easy
4049,Count Values With Equally Spaced Occurrences II,count-values-with-equally-spaced-occurrences-ii,Medium
4050,Minimum Days to Score Exactly N Points,minimum-days-to-score-exactly-n-points,Medium
4051,Count Subarrays with Distant Sums,count-subarrays-with-distant-sums,Hard
4052,Cyclically Shift Rows and Columns,cyclically-shift-rows-and-columns,Easy
4053,Minimum Operations to Make Every Element Palindromic,minimum-operations-to-make-every-element-palindromic,Medium
4054,Count Shadow Pairs I,count-shadow-pairs-i,Medium
4055,Count Shadow Pairs II,count-shadow-pairs-ii,Hard
4056,Number of Intersecting Interval Pairs I,number-of-intersecting-interval-pairs-i,Easy
4057,Number of Intersecting Interval Pairs II,number-of-intersecting-interval-pairs-ii,Medium
4058,Maximum Pulse Value After One Subarray Rotation,maximum-pulse-value-after-one-subarray-rotation,Medium
4059,Lexicographically Largest Power Array,lexicographically-largest-power-array,Hard
4061,Minimum Queen Moves to Reach Target,minimum-queen-moves-to-reach-target,Easy
4062,Transform Array Using Pair Operations,transform-array-using-pair-operations,Medium
4063,Longest Subarray Divisible by K with At Most One Negation I,longest-subarray-divisible-by-k-with-at-most-one-negation-i,Medium
4064,Longest Subarray Divisible by K with At Most One Negation II,longest-subarray-divisible-by-k-with-at-most-one-negation-ii,Hard
4065,Rearrange Array by Removing Distinct Values,rearrange-array-by-removing-distinct-values,Easy
4066,Maximum Equal Adjacent Pairs After at Most One Replacement,maximum-equal-adjacent-pairs-after-at-most-one-replacement,Medium
4067,Longest Subarray With Restricted Pair Sums,longest-subarray-with-restricted-pair-sums,Medium
4068,Maximize Meeting Earnings with Idle Gaps,maximize-meeting-earnings-with-idle-gaps,Hard
